market_value;age;height;weight;goals_CL;goals_UEFA;goals_cups;goals_top5l;goals_rest;goals_nat;app_nat;games_start;subs;assists;shots_tot;shots_on_gs;top_spa;top_ita;top_eng;top_ger;top_fra;rank;popularity;name
12.0;20;173;65;5;0;7;20;0;0;1;47;67;11;139;62;0;0;0;0;0;828;1.04;bojan krkic
100.0;23;169;67;25;0;16;87;0;14;52;198;35;47;600;275;1;0;0;0;0;1;57.2;lionel messi
25.0;23;169;64;4;0;6;12;0;1;11;38;25;4;71;37;0;0;0;0;0;57;9.58;pedro
3.0;22;175;72;0;0;0;2;0;0;0;6;11;0;7;4;0;0;0;0;0;1713;3.98;jeffren
50.0;29;175;69;8;8;2;108;0;44;70;233;23;35;724;328;0;0;0;0;0;9;14.7;david villa
25.0;23;184;73;13;0;2;52;0;11;32;132;57;17;453;184;0;0;0;0;1;756;9.61;benzema
35.0;23;183;82;2;0;1;59;5;7;12;131;42;29;335;166;0;0;0;0;0;3;4.49;higuain
90.0;25;185;75;23;0;11;101;0;25;79;246;25;51;1322;579;0;0;1;0;0;2;61.6;cristiano
20.0;26;180;70;4;1;0;11;0;9;23;44;39;5;83;39;0;0;0;0;0;51;1.73;nilmar
20.0;23;171;72;3;2;6;43;0;3;18;136;40;19;407;188;0;0;0;0;0;22;2.51;rossi
3.0;24;179;72;0;0;0;7;17;1;1;60;17;3;76;36;0;0;0;0;0;1618;1.99;ruben
8.0;29;177;74;0;0;1;45;0;0;1;130;28;20;283;118;0;0;0;0;0;110;0.012;aduriz
23.0;22;170;63;0;0;0;25;0;10;3;82;15;18;144;60;0;0;0;0;0;157;36.4;mata
12.0;25;176;73;1;1;4;42;0;0;2;89;38;9;259;107;0;0;0;0;0;33;1.0;soldado
5.0;29;180;68;0;8;0;41;0;0;7;190;22;27;344;111;0;0;0;0;0;718;14.2;garcia
5.0;24;182;74;0;0;0;15;0;0;0;37;32;1;155;53;0;0;0;0;0;51;0.482;osvaldo
2.5;31;180;78;0;0;0;20;5;0;1;62;30;4;154;56;0;0;0;0;0;1693;0.877;alonso
36.0;22;170;69;5;3;2;54;18;9;25;194;38;31;431;187;0;0;0;0;0;38;1.14;aguero
16.0;31;179;75;4;3;4;95;0;29;69;208;13;25;628;255;1;0;0;0;0;113;2.97;forlan
5.0;22;188;85;0;0;0;8;10;0;0;66;3;5;83;37;0;0;0;0;0;515;2.84;costa
6.0;26;185;80;0;0;2;28;0;0;0;108;45;11;298;117;0;0;0;0;0;270;0.735;manu
5.0;26;171;69;0;0;0;16;2;0;0;41;21;3;108;51;0;0;0;0;0;819;0.571;colunga
20.0;25;195;90;0;6;5;42;0;7;13;124;45;16;347;134;0;0;0;0;0;136;1.03;lorente
6.0;18;169;63;0;0;0;4;0;0;0;4;22;3;16;10;0;0;0;0;0;914;0.431;munian
5.0;31;184;72;4;0;0;39;0;0;0;87;17;11;230;116;0;0;0;0;0;205;0.31;lorente2
3.5;28;180;78;0;2;1;26;0;17;44;85;92;12;203;71;0;0;0;0;0;475;0.093;webo
3.0;33;180;74;0;4;0;41;0;5;13;113;20;8;216;91;0;0;0;0;0;1575;0.306;tamudo
4.0;27;181;78;0;0;0;33;0;0;4;55;25;8;108;94;0;0;0;0;0;1678;0.223;cavenaghi
20.0;30;183;81;9;7;12;62;0;28;43;154;32;17;426;157;0;0;0;0;0;27;7.25;fabiano
9.0;33;192;82;8;12;7;73;0;23;38;177;38;18;397;148;0;0;0;0;0;276;1.09;kanoute
2.0;27;182;78;3;0;0;1;0;9;34;63;22;3;53;14;0;0;0;0;0;1666;0.097;kone
16.0;25;185;82;1;0;2;43;8;2;4;116;25;16;269;114;0;0;0;0;0;393;0.812;negrado
15.0;22;179;70;1;0;0;5;2;0;1;55;21;5;46;25;0;0;0;0;0;772;0.315;perotti
6.0;33;190;80;7;1;0;51;0;34;71;106;30;8;182;86;0;0;0;0;0;221;1.19;trezeguett
5.0;27;178;71;2;0;1;17;0;10;45;136;35;12;280;93;0;0;0;0;0;455;0.556;valdez
3.0;30;187;84;0;0;1;30;0;0;0;95;64;12;307;82;0;0;0;0;0;1312;0.574;riki
2.5;22;180;71;0;0;0;8;0;0;0;53;31;4;80;30;0;0;0;0;0;742;0.568;adrian
3.5;28;185;76;3;0;5;30;0;6;30;65;48;17;199;86;0;0;0;0;0;713;0.776;rosenberg
1.5;35;167;70;0;0;1;13;0;2;21;161;11;42;213;51;0;0;0;0;0;839;0.069;munitis
2.5;30;183;82;0;0;0;11;0;0;0;45;12;7;87;38;0;0;0;0;0;460;0.869;aranda
2.0;34;184;74;0;11;3;35;0;0;4;101;69;10;250;97;0;0;0;0;0;685;0.174;pandiani
4.0;22;185;78;0;3;0;9;0;5;25;68;46;3;92;45;0;0;0;0;0;369;0.63;caicedo
6.0;21;163;63;0;0;0;12;12;0;0;89;34;9;129;58;0;0;0;0;0;384;0.841;piatti
2.5;24;185;75;0;0;0;0;35;0;0;105;23;6;55;37;0;0;0;0;0;1425;0.11;ulloa
5.0;28;179;75;0;1;0;20;0;4;26;68;41;5;166;63;0;0;0;0;0;270;0.275;uche
1.0;17;170;63;0;0;0;0;0;0;0;0;5;1;2;1;0;0;0;0;0;1753;0.563;juanmi
2.0;24;180;74;0;0;3;0;2;1;15;26;45;4;40;25;0;0;0;0;0;1280;0.319;owusu
1.5;30;185;82;0;0;1;18;0;3;4;67;50;4;134;48;0;0;0;0;0;1479;1.42;bilic
4.0;26;175;69;1;0;4;28;1;0;1;92;61;13;162;66;0;0;0;0;0;1528;0.083;sinama
5.0;26;178;71;0;0;0;19;0;6;23;78;31;12;148;62;0;0;0;0;0;2266;0.127;i. uche
25.0;29;188;81;4;12;7;69;0;48;77;208;32;44;503;262;0;0;0;0;0;5;0.267;berbatov
8.5;31;173;71;4;0;5;29;0;40;89;92;37;8;173;101;0;0;0;0;0;2054;74.6;owen
55.0;25;178;79;18;0;13;80;0;25;66;243;24;66;983;436;0;0;0;0;0;12;51.4;rooney
1.5;19;184;77;0;0;0;3;0;0;0;8;7;2;20;7;0;0;0;0;0;1815;0.458;macheda
26.0;20;189;88;2;0;0;20;0;0;2;42;34;13;153;56;0;0;0;0;0;1174;9.17;balotelli
23.0;26;192;73;8;3;6;51;0;16;38;174;31;22;403;194;0;0;0;0;0;1026;5.62;adebayor
7.0;29;188;83;1;0;3;32;0;21;76;90;50;10;181;82;0;0;0;0;0;1795;0.406;santa cruz
7.5;23;188;78;3;2;3;6;5;0;3;64;28;7;102;38;0;0;0;0;0;1898;0.642;jo
34.0;26;170;67;6;0;15;49;0;12;58;165;42;32;488;227;0;0;0;0;0;17;9.39;tevez
10.0;22;191;78;8;0;8;20;11;12;35;115;73;28;301;151;0;0;0;0;0;340;1.57;bendtner
15.0;26;185;70;5;4;1;39;0;15;56;155;49;17;225;107;0;0;0;0;0;102;2.36;hamakh
25.0;27;183;72;12;0;8;43;0;19;52;147;39;38;543;230;0;0;0;0;0;990;9.26;van persie
18.0;28;170;66;0;6;12;63;0;12;43;147;83;25;537;277;0;0;0;0;0;660;1.08;defoe
12.0;29;201;71;11;4;13;39;0;21;41;184;79;33;566;250;0;0;0;0;0;704;11.8;crouch
22.0;31;183;78;5;0;7;52;0;14;69;187;36;32;516;268;0;0;1;0;0;87;4.97;anelka
10.0;30;175;64;2;7;15;58;12;45;103;202;44;33;406;233;0;0;0;0;0;2054;2.03;keane
30.0;32;188;84;21;0;21;74;0;45;71;201;39;44;694;294;0;0;1;0;0;20;17.1;drogba
14.0;25;186;78;5;0;10;32;15;11;35;159;78;33;251;112;0;0;0;0;0;91;1.22;kalu
3.0;33;183;77;0;1;2;38;0;0;1;196;4;35;290;143;0;0;0;0;0;964;4.63;davies
5.0;29;188;84;2;2;2;30;0;13;50;145;21;15;272;111;0;0;0;0;0;257;0.439;elmander
2.5;30;186;76;2;1;2;37;4;12;39;100;58;8;227;95;0;0;0;0;0;1703;0.514;klasnic
18.0;26;180;75;0;5;10;74;0;0;6;160;41;13;418;231;0;0;0;0;0;257;1.89;bent
2.5;20;185;73;0;0;4;1;2;0;0;23;9;3;38;16;0;0;0;0;0;932;0.5;welbeck
11.0;25;180;77;0;0;0;25;0;22;44;68;28;7;197;69;0;0;0;0;0;341;1.04;gyan
1.5;28;180;70;0;0;8;5;44;0;0;142;46;17;286;167;0;0;0;0;0;1087;0.166;varney
1.5;31;185;64;0;1;3;22;5;0;0;76;61;6;195;94;0;0;0;0;0;1790;0.214;harenwood
3.0;23;175;72;0;0;0;1;0;1;6;0;5;0;8;1;0;0;0;0;0;1368;0.122;biram diouf
4.5;22;187;81;0;0;5;2;0;1;4;21;13;3;46;9;0;0;0;0;0;1150;0.472;kalinic
2.5;32;185;79;0;0;7;27;0;12;22;103;55;16;196;115;0;0;0;0;0;1390;3.113;roberts
3.0;31;191;79;0;0;6;14;34;11;60;150;46;19;378;177;0;0;0;0;0;515;0.514;fuller
10.0;26;187;85;0;0;5;26;18;4;45;150;46;24;340;181;0;0;0;0;0;290;0.39;kenwyne
3.0;32;185;89;3;0;4;13;0;24;63;104;78;10;159;78;0;0;0;0;0;1845;0.715;gudjonsen
16.0;31;178;64;0;4;5;34;0;21;42;175;8;21;304;148;0;0;0;0;0;49;2.0;cahill
8.0;21;183;73;4;0;11;39;0;4;19;104;64;13;364;165;0;0;0;0;0;917;0.858;saha
12.0;28;183;83;0;6;5;49;0;21;53;156;41;21;339;179;0;0;0;0;0;312;1.29;yacubu
50.0;26;185;79;8;0;2;83;0;26;82;210;21;22;575;238;0;0;0;0;0;63;15.9;torres
4.5;21;190;76;2;1;1;8;0;0;0;31;40;1;91;33;0;0;0;0;0;1268;0.394;ngog
2.5;21;191;65;0;0;2;3;18;0;1;49;30;10;145;51;0;0;0;0;0;422;3.84;karroll
2.5;29;191;76;0;0;1;16;10;0;0;70;36;8;146;71;0;0;0;0;0;1477;0.279;ameobi
3.0;23;191;89;0;0;5;3;11;0;0;45;45;11;192;110;0;0;0;0;0;653;0.146;miller
4.5;29;183;81;0;0;0;17;0;0;0;81;7;6;175;67;0;0;0;0;0;1693;1.32;fortune
4.0;32;188;83;0;0;3;26;0;7;62;173;24;17;262;121;0;0;0;0;0;1475;0.523;heskey
10.0;31;193;89;5;2;8;46;0;23;85;151;36;12;361;171;0;0;0;0;0;1014;0.758;carew
16.0;24;180;79;0;0;4;46;0;0;3;179;16;30;287;156;0;0;0;0;0;449;0.448;agbonlahor
5.0;24;185;85;0;0;5;52;0;0;0;155;50;10;372;179;0;0;0;0;0;558;1.11;jerome
7.0;30;202;96;0;0;0;30;0;15;41;59;23;8;160;62;0;0;0;0;0;1324;0.397;zigic
1.0;37;170;70;0;0;6;8;55;0;8;119;51;19;346;203;0;0;0;0;0;1895;3.94;phillips
2.0;30;181;72;0;2;4;11;23;9;50;108;38;14;227;108;0;0;0;0;0;1660;0.163;kamara
7.5;23;175;70;0;4;2;24;10;5;28;176;30;4;64;33;0;0;0;0;0;1924;0.044;dembele
6.5;29;185;75;0;3;9;28;0;0;1;135;37;22;290;117;0;0;0;0;0;1641;0.414;zamora
7.5;25;181;72;0;0;0;13;0;8;34;47;6;4;188;63;0;0;0;0;0;346;0.212;rodallega
2.5;21;193;80;0;0;1;1;0;0;0;16;26;3;39;18;0;0;0;0;0;1731;4.53;di santo
3.0;32;188;77;1;0;6;31;0;0;1;130;38;15;229;87;0;0;0;0;0;811;0.398;Piquionne
8.5;27;191;77;0;0;4;26;0;0;7;89;47;17;293;128;0;0;0;0;0;698;1.24;cole
3.5;33;183;80;1;3;9;37;0;35;79;109;40;10;217;101;0;0;0;0;0;2119;0.424;mcCarthy
4.0;23;178;81;0;0;0;16;0;9;35;60;49;4;119;41;0;0;0;0;0;723;0.328;obina
5.0;23;185;76;0;0;11;8;39;1;8;156;44;16;291;114;0;0;0;0;0;1200;1.78;fletcher
2.5;24;173;91;0;0;2;2;59;0;0;129;33;18;286;161;0;0;0;0;0;1160;0.164;ebanks-blake
27.5;30;180;80;13;2;0;66;0;32;88;198;25;54;517;168;0;0;0;0;0;104;19.6;ronaldinho
35.0;21;179;71;2;0;1;36;0;4;11;81;23;8;249;103;0;0;0;0;0;375;3.42;pato
30.0;29;191;84;13;0;4;80;0;25;65;205;24;32;578;234;0;1;0;0;0;14;9.62;ibrahimovic
18.0;26;175;60;5;1;2;39;0;25;83;174;39;35;460;193;0;0;0;0;0;485;7.91;robinho
4.0;37;181;74;16;3;2;40;0;25;57;86;76;8;249;105;0;0;0;0;0;1607;2.73;inzaghi
15.5;23;188;71;0;0;0;34;0;4;21;93;24;5;262;92;0;0;0;0;0;63;1.38;cavagi
19.0;25;173;75;0;0;0;23;0;0;8;92;5;22;252;83;0;0;0;0;0;93;0.481;lavezzi
1.5;35;188;85;4;5;0;54;0;3;6;123;15;5;210;66;0;0;0;0;0;1445;0.162;lucarelli
10.0;29;178;74;1;0;1;37;0;0;0;122;24;19;247;101;0;0;0;0;0;133;0.243;floccari
3.5;33;177;71;4;2;3;61;0;0;3;157;35;21;299;121;0;0;0;0;0;1210;0.216;rocchi
15.0;23;176;76;0;0;0;20;0;0;0;93;14;17;329;119;0;0;0;0;0;221;0.548;zarate
12.5;30;186;83;5;0;0;51;0;0;1;146;28;10;291;118;0;0;0;0;0;1412;4.2;amauri
7.0;36;173;73;8;0;4;55;0;27;91;129;44;20;366;139;0;1;0;0;0;440;2.89;del piero
13.5;31;187;77;6;0;0;49;0;6;40;114;52;17;241;94;0;0;0;0;0;1147;0.836;iaquinta
15.0;27;182;73;0;8;0;52;0;6;25;164;40;16;520;175;0;0;0;0;0;98;0.658;quagialera
5.0;29;183;72;4;0;7;26;0;5;47;101;75;7;329;116;0;0;0;0;0;1728;1.27;baptista
8.5;28;189;86;8;0;2;22;0;29;51;87;21;11;164;44;0;0;0;0;0;1983;14.0;adriano
17.0;28;180;73;1;1;0;42;0;0;6;96;31;7;281;106;0;0;0;0;0;69;1.36;boriello
25.0;27;186;76;8;2;4;45;0;11;21;147;52;21;346;149;0;0;0;0;0;166;0.524;vucinic
10.0;34;180;70;7;3;1;82;0;9;58;167;7;32;461;113;0;1;0;0;0;796;2.64;totti
6.5;20;186;70;0;0;0;7;0;1;1;8;19;2;32;13;0;0;0;0;0;1412;4.6;hernandez
8.5;31;168;64;4;0;0;41;0;2;10;89;9;21;376;145;0;0;0;0;0;290;0.233;miccoli
4.5;31;180;73;0;0;0;40;0;0;2;108;5;9;329;126;0;0;0;0;0;627;0.157;maccarone
37.5;29;179;75;14;0;3;95;0;44;97;195;13;36;614;243;1;0;0;0;0;97;22.5;etoo
28.0;31;179;78;6;0;6;99;0;4;24;187;19;22;426;178;0;0;0;0;0;180;2.68;milito
18.0;27;184;75;5;0;6;48;0;23;53;163;29;16;246;119;0;0;0;0;0;756;0.735;pandev
2.5;31;183;75;0;1;0;47;4;16;54;122;36;5;146;61;0;0;0;0;0;1882;0.387;suazo
18.5;28;175;73;0;3;3;35;0;5;19;112;25;29;277;125;0;0;0;0;0;947;9.43;cassano
4.0;24;184;75;0;0;0;18;0;0;0;48;41;2;88;31;0;0;0;0;0;1511;0.214;pozzi
19.0;26;180;77;0;0;6;51;0;1;12;121;49;11;296;114;0;0;0;0;0;290;0.598;pazzini
6.0;27;183;73;0;0;0;19;0;0;0;59;42;9;233;92;0;0;0;0;0;296;0.383;floro flores
13.0;33;170;78;0;4;1;78;0;10;36;173;26;25;455;198;0;1;0;0;0;18;1.59;di natale
9.5;22;168;62;0;0;0;8;0;11;33;44;21;5;104;34;0;0;0;0;0;102;2.9;sanchez
7.0;26;182;68;0;0;0;11;0;0;3;67;43;7;101;42;0;0;0;0;0;1431;0.133;palladino
6.0;33;196;88;3;0;4;90;0;16;47;184;18;25;476;219;0;1;0;1;0;601;3.12;toni
5.0;29;177;71;0;0;0;18;0;0;0;82;24;8;168;70;0;0;0;0;0;791;0.409;sculli
1.8;27;182;74;0;0;0;3;0;0;1;10;20;1;31;15;0;0;0;0;0;1451;0.056;granoche
6.0;31;175;76;0;0;2;46;0;1;1;122;27;8;214;88;0;0;0;0;0;262;0.142;pellissier
5.0;31;175;66;0;0;1;30;0;0;1;131;5;18;286;86;0;0;0;0;0;649;0.195;mascara
6.5;26;192;88;0;0;1;14;0;0;1;36;20;3;76;32;0;0;0;0;0;333;1.12;lopez
4.0;22;180;70;0;0;1;14;0;3;9;40;36;6;105;41;0;0;0;0;0;1801;0.193;morimoto
6.5;23;184;67;0;0;0;27;0;0;0;67;23;2;163;75;0;0;0;0;0;1125;0.227;acquafresca
8.0;26;183;80;0;0;0;25;0;0;0;61;42;11;164;67;0;0;0;0;0;336;2.46;matri
5.7;27;183;78;0;0;0;8;20;0;0;42;19;1;63;38;0;0;0;0;0;737;4.38;nene
1.8;24;180;68;0;0;0;3;27;0;2;67;24;1;46;36;0;0;0;0;0;1561;1.81;gimenez
3.0;34;178;76;0;0;1;47;0;2;14;97;28;7;263;96;0;0;0;0;0;238;0.654;di vaio
7.5;31;180;74;5;5;4;57;0;29;67;151;21;20;466;185;0;0;0;0;0;1745;2.36;mutu
19.0;28;184;79;11;1;0;70;0;17;45;198;45;18;356;154;0;0;0;0;0;59;2.46;gilardino
17.5;21;183;79;4;0;0;8;0;6;11;58;20;9;192;63;0;0;0;0;0;698;0.165;jovetic
6.2;24;183;76;0;0;0;15;0;7;35;37;44;2;79;24;0;0;0;0;0;1151;0.118;bojinov
2.0;35;184;78;4;2;1;36;0;35;64;106;60;13;197;85;0;0;0;0;0;592;19.5;crespo
1.0;33;191;82;0;0;1;23;0;12;57;113;44;4;121;46;0;0;0;0;0;1116;0.144;bogdani
2.3;30;185;80;0;3;2;29;0;0;6;61;43;6;128;52;0;0;0;0;0;1828;0.117;budan
4.0;27;180;73;0;0;0;11;0;0;1;33;21;5;180;64;0;0;0;0;0;763;0.693;diamanti
4.5;29;194;80;0;2;2;15;0;0;2;67;21;0;77;31;0;0;0;0;0;1055;0.361;carraccioli
0.6;34;171;72;0;1;1;29;0;0;6;105;34;10;208;70;0;0;0;0;0;1116;3.91;di michel
1.5;27;180;78;0;0;2;4;4;0;18;41;35;3;47;15;0;0;0;0;0;1170;7.02;oliveira
1.5;30;183;79;0;0;0;10;0;7;21;13;34;5;87;30;0;0;0;0;0;1809;0.335;chevanton
1.4;30;183;83;0;0;0;4;0;13;52;55;53;1;20;8;0;0;0;0;0;1603;0.039;kutuzov
8.0;25;171;59;1;2;2;24;0;0;0;62;28;9;69;32;0;0;0;0;0;596;0.435;baretto
14.0;26;187;83;0;0;4;19;0;4;10;33;3;5;108;56;0;0;0;0;0;6;5.14;barrios
6.5;22;186;72;0;0;0;5;6;0;3;53;13;9;88;36;0;0;0;0;0;148;0.144;Gro§kreutz
6.0;22;184;78;0;1;0;0;1;10;30;7;6;1;9;3;0;0;0;0;0;1581;0.843;lewandowski
4.5;29;172;71;0;1;2;38;0;9;35;92;50;12;155;52;0;0;0;0;0;1587;6.21;zidan
10.0;22;191;83;0;0;2;12;13;2;30;66;33;6;121;48;0;0;0;0;0;515;0.315;dedriyok
14.0;27;191;78;0;0;1;51;0;0;6;124;14;17;315;135;0;0;0;0;0;636;0.561;kiessling
1.5;27;180;68;0;0;1;15;0;0;3;63;20;9;71;29;0;0;0;0;0;1657;0.131;Schlaufdry
6.0;27;174;74;0;0;0;9;0;1;4;24;6;2;78;39;0;0;0;0;0;369;0.748;Ya Konan
7.0;32;182;74;12;7;4;61;0;59;106;205;36;35;383;169;0;0;0;1;0;1274;1.44;Klose
26.0;25;189;88;4;8;7;74;0;14;41;145;62;24;439;169;0;0;0;0;0;13;10.8;Gomez
8.5;31;182;85;8;0;7;40;0;13;68;106;23;13;312;141;0;0;0;0;0;475;0.771;olic
8.0;20;183;74;0;0;0;5;0;0;1;25;9;2;38;18;0;0;0;0;0;384;0.024;schurle
3.0;23;193;82;0;0;0;1;0;4;6;8;7;1;69;8;0;0;0;0;0;791;0.371;szalai
3.0;24;184;77;0;0;2;0;27;2;8;75;11;9;202;93;0;0;0;0;0;1431;0.106;allagui
1.25;27;185;83;0;0;0;18;8;0;0;84;35;12;215;77;0;0;0;0;0;1511;0.246;eigler
5.5;22;186;83;0;0;1;3;0;0;0;7;33;1;56;23;0;0;0;0;0;592;1.16;schieben
6.0;34;188;80;15;0;1;72;0;34;68;146;19;18;351;192;1;0;0;0;0;120;2.17;nisterlooy
15.0;24;176;70;0;2;3;5;16;2;18;130;39;14;50;24;0;0;0;0;0;1421;0.266;elia
6.5;27;183;77;1;5;1;27;0;9;28;87;43;12;235;86;0;0;0;0;0;1412;0.759;guerrero
8.5;30;184;81;0;0;4;33;0;11;35;76;10;5;267;99;0;0;0;0;0;627;0.273;petric
1.0;29;185;82;0;0;3;3;12;0;0;43;20;6;82;40;0;0;0;0;0;1753;0.102;reisinger
10.0;25;183;73;0;0;0;6;22;7;8;64;14;1;62;38;0;0;0;0;0;34;0.129;cisse
7.5;24;185;78;9;3;1;11;7;5;40;119;113;18;177;77;0;0;0;0;0;1490;1.01;babbel
8.0;26;188;82;0;0;2;36;0;7;29;66;15;12;205;78;0;0;0;0;0;199;0.256;ibicevic
7.5;33;182;74;17;0;3;53;0;44;102;173;43;22;321;143;0;0;0;0;0;60;75.0;Raul
15.0;26;174;72;3;1;3;17;49;12;43;183;10;17;160;60;0;0;0;0;0;415;1.25;farfan
0.5;31;190;82;0;0;1;8;1;24;85;42;36;6;96;37;0;0;0;0;0;1855;0.234;charisteas
15.0;27;186;78;3;12;1;15;96;26;42;191;34;5;107;53;0;0;0;0;0;168;3.58;huntelaar
2.5;31;192;85;0;3;3;22;0;19;48;93;10;5;144;58;0;0;0;0;0;696;0.18;nowakovic
12.5;25;182;83;3;5;4;29;0;42;84;156;60;24;324;125;0;0;0;0;0;551;2.85;podolski
8.0;26;191;93;6;6;4;32;0;12;34;99;73;15;363;141;0;0;0;0;0;250;2.0;almeida
7.5;32;186;84;7;5;2;54;0;13;55;141;46;17;368;156;0;0;0;0;0;184;1.06;pizarro
7.5;21;192;83;0;1;0;0;12;4;9;35;23;5;25;17;0;0;0;0;0;1143;0.28;arnautovic
5.5;27;186;81;0;0;1;0;17;0;0;32;23;4;101;46;0;0;0;0;0;776;0.434;lakic
2.5;28;185;82;0;2;3;39;0;8;37;132;44;10;174;59;0;0;0;0;0;749;0.481;altintop
3.5;30;179;76;0;0;2;39;0;20;52;68;40;8;207;103;0;0;0;1;0;93;0.245;gekas
4.0;23;185;73;0;0;0;1;13;3;20;42;13;1;95;45;0;0;0;0;0;1587;0.258;harnik
5.5;27;188;91;3;0;0;6;0;7;25;36;8;7;59;26;0;0;0;0;0;272;0.184;pogrebniak
6.0;29;179;74;2;0;3;42;0;4;17;108;15;21;381;143;0;0;0;0;0;78;3.55;cacau
1.5;33;180;85;1;0;0;12;0;6;43;48;45;5;92;32;0;0;0;0;0;1467;0.909;asamoah
1.0;33;192;88;0;0;0;2;30;0;0;77;10;11;151;73;0;0;0;0;0;1076;0.069;ebbers
30.0;25;191;84;4;0;6;56;0;17;31;88;15;21;385;165;0;0;0;1;0;70;4.58;dzeko
7.5;31;189;88;3;0;5;64;0;1;4;118;9;18;310;152;0;0;0;1;0;170;0.691;grafite
4.0;27;187;27;1;2;0;0;4;0;4;38;7;0;21;11;0;0;0;0;0;1481;0.291;de camargo
2.25;31;190;83;0;0;1;9;13;6;34;75;3;8;174;64;0;0;0;0;0;548;0.132;idrisu
14.0;23;179;66;0;0;0;21;0;5;24;74;17;12;147;64;0;0;0;0;0;67;0.872;gervinho
8.5;25;180;69;0;0;0;12;0;3;5;27;45;5;99;43;0;0;0;0;0;248;0.475;sow
4.0;30;175;71;0;7;1;25;0;0;0;98;46;9;185;74;0;0;0;0;0;772;0.216;frau
6.5;26;177;76;0;0;2;11;15;0;6;82;7;3;99;50;0;0;0;0;0;548;1.15;montano
3.6;23;182;70;0;0;0;4;4;0;4;60;41;4;80;31;0;0;0;0;0;1070;0.138;boukari
2.6;23;179;75;0;0;0;3;0;0;0;11;43;0;67;16;0;0;0;0;0;1359;0.195;ekoko
22.0;28;174;74;16;0;0;15;10;1;7;86;13;11;185;86;0;0;0;0;0;148;1.12;lopez2
10.0;25;184;77;2;0;0;44;0;2;5;103;44;17;394;130;0;0;0;0;0;379;0.228;gomis
9.0;24;181;84;0;0;0;29;0;0;4;106;18;24;246;85;0;0;0;0;0;311;0.581;briand
13.0;25;186;84;0;0;0;43;0;4;16;109;25;14;451;180;0;0;0;0;1;221;0.307;gignac
5.0;30;189;78;3;0;0;15;0;0;0;62;8;6;167;59;0;0;0;0;0;464;2.32;brandao
15.0;24;184;76;0;0;0;28;0;1;7;75;11;5;248;82;0;0;0;0;0;125;0.811;remy
5.5;21;176;72;0;0;0;3;4;2;28;36;21;4;38;16;0;0;0;0;0;166;0.587;ayew
12.5;29;181;70;0;1;1;40;0;0;0;181;7;28;426;151;0;0;0;0;0;76;0.413;nene2
11.5;27;191;76;0;3;1;23;7;0;4;70;16;5;154;67;0;0;0;0;0;317;0.513;hoarau
3.0;21;185;74;0;0;0;2;8;3;12;27;21;10;24;15;0;0;0;0;0;455;0.042;aubameyang
9.5;24;181;85;0;0;0;37;0;1;13;90;10;10;275;128;0;0;0;0;0;104;0.406;erding
4.6;21;182;76;0;0;1;9;0;0;0;21;21;4;55;26;0;0;0;0;0;354;3.1;riviera
4.5;24;192;88;0;0;6;0;30;0;0;61;7;0;31;30;0;0;0;0;0;876;0.291;giroud
2.7;28;174;72;0;0;0;10;9;4;17;63;48;3;71;53;0;0;0;0;0;768;0.17;camara
3.2;22;175;65;0;0;0;5;6;0;0;44;17;4;47;24;0;0;0;0;0;1156;1.12;ait-fana
5.5;22;186;73;0;0;0;3;21;0;0;54;26;0;86;41;0;0;0;0;0;1300;1.08;modeste
5.5;24;175;70;0;0;0;17;0;0;0;81;31;14;178;67;0;0;0;0;0;636;0.299;goufran
10.0;23;170;64;0;0;0;34;0;0;2;93;13;14;251;107;0;0;0;0;0;209;0.331;gameiro
3.0;22;177;72;0;0;0;13;0;0;0;28;14;1;20;5;0;0;0;0;0;814;0.066;kitambala
3.5;24;185;76;0;0;0;15;0;3;16;53;35;15;111;36;0;0;0;0;0;333;0.094;maiga
1.2;24;180;75;0;0;0;0;12;0;0;14;21;1;22;15;0;0;0;0;0;2249;2.18;pentecote
4.0 ;22;180;70;0;0;0;2;0;0;1;17;0;0;41;16;0;0;0;0;0;317;0.291;ideye
3.6;23;192;78;0;0;2;0;15;0;0;30;7;0;45;15;0;0;0;0;0;913;1.26;roux
1.2;30;184;76;0;1;0;0;10;0;0;71;36;0;20;10;0;0;0;0;0;1134;0.085;poyet
5.0;24;183;70;0;0;0;0;11;0;3;23;14;0;25;11;0;0;0;0;0;857;0.652;el-arabi
1.2;30;186;80;0;0;0;0;18;2;8;44;31;1;39;22;0;0;0;0;0;1320;0.223;traore
5.0;31;183;73;0;0;0;30;0;16;57;102;12;11;270;97;0;0;0;0;0;302;0.255;hadijt
5.0;30;170;68;0;0;0;23;0;0;0;93;26;21;213;87;0;0;0;0;0;1163;0.205;vahirua
2.5;32;189;78;0;0;0;16;0;1;18;39;17;3;135;49;0;0;0;0;0;713;0.318;ljuboja
3.3;31;183;70;0;0;0;28;0;0;0;95;35;12;230;81;0;0;0;0;0;365;0.64;pujol
2.6;24;188;84;0;0;0;13;0;1;3;40;42;5;76;27;0;0;0;0;0;1478;0.185;samassa
7.5;29;184;74;0;0;0;43;0;5;29;98;21;6;252;117;0;0;0;0;0;308;0.167;jelen
0.75;27;178;76;0;0;0;7;0;0;0;11;9;2;50;18;0;0;0;0;0;2467;0.102;licata
1.6;24;168;65;0;0;0;6;0;0;0;40;40;2;98;22;0;0;0;0;0;1384;0.116;quercia
3.4;28;185;76;0;7;0;15;0;8;35;98;40;13;233;90;0;0;0;0;0;566;0.418;niculae
6.0;25;183;70;0;0;0;13;0;15;49;57;1;9;103;41;0;0;0;0;0;592;0.733;chu-yang
1.8;27;185;80;0;0;0;10;5;22;51;44;33;1;93;41;0;0;0;0;0;1430;0.079;jemaa
2.2;30;178;67;0;0;10;5;15;0;0;74;30;2;55;26;0;0;0;0;0;2354;0.019;dos santos
1.0;24;176;70;0;0;0;1;2;0;0;40;18;0;21;7;0;0;0;0;0;1125;0.025;djadjede
