ID_resp;sex;age;edugroup;forpleas;forentert;forrest;forcontart;forposh;forestet;formovm;forsocial;forchild;forticket
2;2;2;3;3;3;4;2;3;3;3;2;4;1
3;2;2;3;4;4;4;1;1;4;1;4;1;1
4;1;2;3;3;4;3;3;3;3;3;4;1;2
5;1;2;3;4;4;3;4;3;3;3;4;1;2
6;1;1;3;4;4;2;2;3;3;3;2;1;1
7;2;2;3;4;4;4;2;4;4;4;3;1;3
8;2;2;2;3;3;3;3;3;3;3;3;1;3
10;2;2;3;4;4;4;4;4;4;4;4;1;2
12;2;3;3;4;4;3;4;3;4;4;2;2;1
15;1;3;3;3;3;3;3;2;3;2;2;1;2
17;2;2;3;4;4;3;2;2;2;3;4;3;2
18;2;2;3;4;4;4;3;2;3;4;2;4;1
22;2;1;2;4;4;4;4;3;3;3;4;4;2
25;2;2;3;1;3;3;3;3;3;2;2;1;3
27;1;2;3;3;3;2;3;2;3;3;3;1;3
28;1;2;3;4;3;3;3;3;4;4;2;2;1
29;2;1;2;3;3;2;1;1;3;1;3;1;3
31;2;2;3;4;4;4;4;4;4;4;2;3;2
32;1;3;3;3;4;3;4;4;4;4;3;1;1
34;1;3;2;4;4;3;3;3;4;4;1;1;2
35;2;2;2;4;4;4;2;1;2;3;2;2;1
36;1;2;3;4;3;4;1;4;3;4;2;3;2
37;2;3;3;4;4;4;4;4;4;4;4;2;2
39;2;1;2;4;4;3;3;4;4;2;3;1;2
41;2;2;3;4;4;4;4;4;4;3;3;4;2
42;1;1;3;4;4;3;4;3;3;2;2;1;1
44;1;2;3;3;3;3;2;3;3;4;2;2;2
45;2;3;3;4;4;4;4;4;4;4;4;2;1
46;2;3;2;4;3;3;3;3;4;3;2;2;1
48;2;2;3;4;4;4;2;3;4;4;3;3;1
52;2;3;3;4;4;4;4;4;4;4;4;4;1
53;1;3;3;4;3;3;2;2;3;3;3;1;3
55;1;2;3;3;4;4;4;4;3;4;2;4;3
59;2;1;3;4;3;4;3;4;4;4;2;1;1
61;2;3;3;4;4;3;3;4;3;3;2;4;2
62;2;2;3;4;4;4;1;3;4;3;3;1;2
63;1;2;2;3;3;3;3;3;4;3;2;2;1
64;1;3;3;4;4;3;4;4;4;4;2;2;1
65;2;2;3;4;4;4;4;4;4;4;3;1;1
66;1;2;3;3;4;3;3;4;4;3;3;2;3
67;1;4;2;3;3;3;3;3;3;3;3;2;2
71;1;3;3;4;4;3;3;4;4;4;4;3;3
73;1;2;3;4;4;4;2;4;4;4;3;1;1
76;1;2;3;3;3;3;4;4;3;4;3;1;2
77;1;2;3;4;4;3;3;4;4;4;3;2;2
78;1;3;2;4;4;4;2;4;4;4;2;1;1
80;2;3;2;3;3;3;3;3;4;3;3;3;4
81;2;3;2;4;4;3;3;3;4;4;2;1;1
82;2;2;2;4;4;4;4;4;4;4;4;4;1
83;1;3;2;4;3;4;4;4;4;4;2;2;1
85;2;2;3;4;4;4;2;2;3;2;2;1;1
87;1;1;3;3;3;3;1;2;2;3;3;1;3
88;1;2;3;4;4;3;1;1;1;3;2;3;2
89;1;2;3;3;4;3;1;3;3;2;2;1;1
90;1;3;3;4;4;4;3;4;4;4;4;4;1
91;2;2;3;4;3;3;2;2;3;4;2;2;1
92;1;2;3;4;4;4;2;3;2;3;2;1;1
93;1;4;3;3;4;4;2;4;3;4;2;3;1
94;2;2;3;4;3;3;3;3;4;3;3;2;1
95;1;1;3;3;3;3;3;3;2;2;2;1;1
96;2;3;2;4;4;4;4;4;4;3;3;3;1
97;2;2;3;4;3;2;4;3;4;3;2;1;2
100;2;2;3;4;4;4;3;3;3;3;2;2;1
101;2;2;3;4;4;4;3;4;4;4;4;2;4
102;1;2;3;4;4;3;3;3;3;4;3;2;1
104;2;2;3;4;4;4;2;2;3;4;3;2;2
105;2;2;3;4;4;4;3;3;4;2;4;2;2
107;2;2;3;4;3;4;2;3;3;3;3;1;2
108;2;2;3;3;4;4;3;2;4;3;3;1;1
113;1;2;2;3;3;4;3;3;4;4;2;1;1
115;2;1;3;4;3;3;3;3;3;3;4;1;1
116;2;2;2;4;4;4;3;4;4;3;2;1;1
118;2;2;2;4;4;4;2;2;4;4;4;3;2
119;1;2;3;4;4;4;1;3;2;3;2;1;1
122;2;1;2;4;4;4;4;4;4;4;2;1;2
123;2;1;2;4;4;4;4;4;4;3;4;1;4
124;2;1;2;4;2;2;3;3;2;4;4;1;1
125;1;3;3;4;4;4;2;2;3;4;1;1;1
126;2;3;2;4;4;4;4;3;4;4;3;2;2
127;2;2;3;3;3;3;3;3;3;3;3;2;1
128;2;2;3;3;3;3;2;2;3;3;3;2;3
130;2;1;2;3;3;3;3;3;3;3;4;1;2
133;1;2;3;3;3;3;2;2;3;2;2;1;2
134;1;2;1;4;4;4;4;2;4;3;4;1;2
135;1;3;3;4;4;4;4;4;4;4;3;4;1
136;2;2;3;4;4;4;4;4;4;4;4;2;4
137;1;2;2;4;4;4;4;3;3;3;4;4;3
138;2;3;3;4;4;2;3;3;4;3;3;1;1
139;2;3;2;4;3;4;2;3;4;4;2;4;1
143;2;2;3;4;4;4;4;4;4;4;1;1;1
144;1;3;1;3;3;3;2;3;3;2;1;1;1
148;2;2;3;4;4;3;3;4;4;1;2;1;1
149;1;3;2;4;4;3;3;3;4;3;3;3;1
151;2;4;2;4;4;4;2;4;3;4;2;1;1
162;2;3;3;4;4;3;4;4;4;3;3;1;1
167;1;3;2;3;3;4;4;2;3;3;3;1;2
168;2;3;3;4;4;3;3;3;4;3;3;2;2
170;2;3;2;3;4;3;3;4;4;4;3;4;1
172;2;3;3;3;3;3;3;3;3;3;3;4;1
181;2;3;2;4;4;4;3;4;4;4;2;3;2
186;2;3;3;4;3;3;2;3;3;3;2;2;1
188;2;3;3;4;4;4;4;4;4;4;1;1;1
194;2;4;2;3;3;3;3;3;3;3;2;3;2
199;1;3;2;4;3;3;2;3;2;3;1;1;1
201;2;3;3;3;3;3;3;3;4;4;3;2;2
212;1;3;3;4;4;4;4;4;3;3;2;2;1
220;2;3;2;4;4;4;4;4;3;4;3;2;3
225;1;3;3;4;4;4;4;4;4;4;2;1;1
233;2;2;3;3;3;3;3;3;3;3;3;2;2
237;1;4;3;4;3;3;3;4;4;4;1;1;3
242;2;3;2;4;3;4;2;2;3;2;2;2;1
246;1;3;3;3;3;3;3;2;3;3;3;3;2
252;2;3;2;4;4;2;4;4;4;4;3;1;1
270;2;3;2;4;4;4;3;3;4;4;3;2;3
271;2;3;2;4;4;4;4;4;4;4;4;4;4
273;2;3;3;4;3;3;4;4;4;3;4;2;1
278;1;3;2;3;3;4;3;3;3;3;3;2;2
284;1;3;3;3;2;4;2;4;4;4;1;1;1
287;2;1;2;4;4;4;4;4;3;3;3;4;2
290;2;4;2;4;4;4;3;4;4;4;2;1;3
295;2;3;3;4;4;4;4;4;4;3;2;2;2
299;1;3;2;4;4;4;3;3;3;3;3;1;2
300;2;2;3;4;4;3;3;3;4;3;3;4;1
303;2;2;3;4;4;4;3;3;4;3;4;2;3
304;1;3;2;4;3;4;3;3;3;3;2;4;1
308;1;3;3;4;4;4;3;3;4;3;3;1;2
309;1;1;3;4;3;2;1;2;4;4;1;1;4
320;1;3;3;4;4;4;4;4;4;4;4;4;4
324;1;2;3;4;4;4;4;4;4;4;4;4;3
327;2;2;3;4;4;3;4;4;4;3;3;2;2
330;2;3;2;4;3;4;3;3;4;3;4;2;2
331;1;3;3;4;4;4;2;2;2;3;2;2;2
341;2;2;2;4;4;4;4;3;4;4;2;3;1
346;2;3;3;3;4;3;4;3;3;4;3;2;2
357;1;2;3;4;3;3;4;4;4;4;1;3;1
362;1;3;1;4;4;4;2;3;4;4;1;1;2
363;1;4;2;4;4;4;4;4;4;4;2;3;3
364;1;3;3;4;3;3;3;4;4;4;3;2;2
365;1;3;3;4;2;3;1;3;3;4;1;1;1
366;2;3;3;4;3;3;3;4;4;4;2;1;2
368;2;3;3;4;4;4;3;3;3;4;2;1;2
373;1;3;3;3;3;3;3;3;3;3;3;3;3
375;2;2;3;4;4;3;3;3;4;4;4;3;1
377;1;2;3;3;3;3;3;3;3;3;3;3;3
379;2;2;3;4;4;4;4;4;4;4;4;1;1
381;1;2;3;4;4;2;2;2;3;3;4;1;1
387;2;2;3;3;3;4;3;4;4;3;4;1;2
389;2;4;3;4;4;4;3;4;4;4;4;1;4
392;1;4;3;4;4;3;3;4;4;4;2;2;1
393;2;3;3;4;4;3;4;3;4;4;1;2;2
394;2;3;3;3;3;3;3;4;3;4;4;4;3
397;2;1;2;4;3;2;3;3;2;2;2;2;2
398;2;1;3;4;4;4;4;4;4;4;3;1;2
399;2;2;3;4;3;3;2;3;4;3;2;1;1
405;2;2;3;3;3;3;2;3;3;3;3;3;1
408;1;2;3;4;4;4;4;4;4;4;1;2;2
412;2;3;2;4;4;2;2;2;3;2;2;1;1
418;1;3;2;4;4;4;4;4;4;4;1;1;1
419;2;2;3;4;4;4;3;3;4;4;3;3;3
423;1;2;3;3;3;3;3;2;3;2;2;1;1
424;2;3;3;4;3;3;3;3;4;3;3;1;1
426;1;4;3;3;3;3;3;2;3;3;3;3;2
428;2;3;2;4;4;4;2;3;4;4;2;4;1
432;1;4;3;4;4;3;2;1;3;2;3;1;3
433;2;2;3;4;4;4;4;3;3;3;2;1;1
435;2;3;3;4;3;4;2;4;3;4;2;1;1
438;2;3;1;4;4;3;4;4;4;4;2;1;1
439;2;3;2;3;3;3;3;3;3;3;2;2;2
440;2;3;2;3;3;3;3;3;3;3;3;3;3
442;1;3;2;3;3;4;3;2;3;4;3;1;3
445;1;2;3;4;4;3;2;3;2;3;4;1;1
446;2;2;2;4;3;3;4;3;2;4;2;1;1
447;1;4;2;3;3;3;2;2;3;3;2;1;2
450;2;2;2;3;3;3;3;3;3;3;3;3;1
453;2;3;3;4;4;4;4;4;4;4;2;1;4
457;2;3;2;4;4;4;3;4;4;4;1;1;2
459;1;3;2;4;4;4;3;3;4;3;3;1;2
460;2;3;3;4;3;3;3;3;3;3;3;2;1
463;1;2;2;4;4;4;3;3;4;4;3;3;2
466;2;4;3;3;3;3;3;3;3;3;3;3;3
467;2;2;3;4;4;4;3;3;4;4;2;1;1
469;1;4;3;4;4;3;3;3;3;4;2;1;3
474;2;3;2;4;3;3;3;3;4;4;2;1;2
479;2;2;3;4;4;4;4;4;4;3;2;4;2
480;1;2;3;4;1;1;3;4;4;4;1;1;1
481;2;2;3;3;3;2;3;3;3;3;3;2;1
482;1;2;3;3;3;3;3;3;3;3;3;1;1
484;2;2;3;4;4;4;2;4;4;3;3;1;1
487;1;2;3;4;4;3;2;1;1;3;1;1;1
488;2;1;3;4;4;3;3;2;3;3;3;1;1
490;2;2;3;4;4;4;3;4;3;4;4;2;2
491;1;3;3;4;3;4;3;3;4;4;2;2;1
493;1;3;3;4;3;3;2;3;3;4;1;1;1
495;1;3;3;4;4;3;3;3;3;3;4;1;2
496;2;3;3;4;3;4;3;4;3;4;4;4;2
498;1;2;3;4;4;4;2;3;3;3;1;1;1
500;2;2;2;4;4;4;4;4;4;4;4;3;3
501;2;2;3;4;4;4;4;4;4;4;4;1;4
504;2;3;3;4;4;4;2;4;4;4;3;1;1
506;1;3;3;4;3;2;2;4;4;4;2;3;2
507;2;3;2;3;3;4;3;3;3;3;3;2;2
508;2;3;3;4;3;3;3;4;4;4;2;1;1
511;1;2;3;4;4;4;2;3;3;4;3;1;1
513;2;2;3;4;4;3;1;1;2;3;1;1;1
524;2;3;3;4;4;4;4;4;4;4;2;1;1
526;2;2;3;3;4;3;3;3;3;3;3;3;2
527;1;1;3;3;2;2;3;3;2;3;2;2;3
528;2;2;3;4;3;3;3;4;4;3;3;3;1
529;1;3;3;2;3;3;3;4;3;2;2;3;2
534;2;4;3;4;3;3;3;4;4;4;3;1;2
535;1;2;3;4;4;3;3;4;3;4;3;1;2
536;1;2;3;3;3;3;3;3;3;3;3;3;2
541;2;3;3;4;4;4;3;4;4;4;1;2;1
542;1;3;3;4;4;4;4;4;4;4;3;4;2
544;2;4;3;3;3;3;4;4;4;4;2;1;2
547;2;4;2;4;4;4;3;4;4;4;4;3;4
548;2;4;3;4;3;3;3;3;3;3;2;1;3
551;2;3;2;4;4;4;3;4;3;4;3;1;1
552;1;1;3;3;3;3;3;3;3;3;2;1;2
554;1;2;2;3;3;3;2;3;3;2;3;3;2
555;1;2;2;4;4;4;4;4;4;4;4;4;2
557;2;3;3;3;3;3;3;3;2;2;3;1;1
560;2;2;3;4;4;4;2;3;3;4;3;1;1
566;2;2;2;4;4;4;4;4;3;4;4;3;3
567;2;3;3;3;2;2;2;3;3;3;2;2;2
568;1;3;2;4;4;3;4;3;4;3;4;2;2
571;1;3;3;4;4;3;2;3;3;3;2;1;1
572;2;2;3;3;3;4;4;3;3;3;3;1;1
574;2;2;3;4;4;4;3;4;3;3;4;2;3
575;1;3;3;3;3;3;3;3;4;4;3;2;1
576;2;3;3;4;4;4;4;4;4;4;1;1;1
578;2;3;2;4;4;4;2;4;4;3;3;2;4
579;1;4;3;4;3;3;1;2;2;3;2;1;1
580;1;3;3;4;3;3;3;4;3;4;3;3;1
582;2;3;3;4;4;4;4;3;3;4;2;1;3
583;2;3;2;3;3;3;3;2;3;3;2;1;2
584;2;4;3;3;4;4;3;4;3;3;4;3;1
585;2;3;1;4;4;3;3;3;3;3;1;1;1
586;2;4;3;3;3;3;4;4;4;2;3;2;1
587;2;3;2;4;4;4;3;4;4;4;3;3;2
590;1;2;3;4;4;4;3;3;2;3;2;1;2
591;2;3;2;4;3;3;3;3;3;3;3;1;2
592;1;2;3;4;3;3;2;4;4;3;3;2;2
593;1;3;2;4;3;3;4;4;3;3;3;4;2
594;1;3;3;3;3;3;3;2;3;4;2;3;2
596;1;2;3;4;4;4;3;3;3;4;4;3;3
597;2;4;2;4;4;4;4;4;4;4;4;2;3
598;1;2;3;3;3;3;3;3;3;3;2;2;2
599;2;3;3;3;3;3;3;3;3;3;3;2;2
601;1;3;3;3;3;2;4;1;4;1;1;1;1
602;1;2;3;3;4;4;4;4;3;3;3;1;3
606;1;2;3;4;4;3;4;3;3;1;4;1;1
607;1;3;2;4;3;4;3;3;3;4;2;2;2
609;2;2;3;4;4;4;4;3;4;4;4;1;3
611;2;3;2;4;4;4;2;4;3;4;2;2;4
612;1;4;2;1;1;1;1;1;3;1;2;2;3
613;1;4;3;4;3;3;4;3;3;4;3;2;2
615;2;3;3;3;3;4;3;3;3;3;3;1;1
616;2;3;2;4;4;4;3;3;4;4;2;1;1
617;1;2;1;3;4;4;3;3;4;4;4;4;3
618;2;2;3;4;4;4;3;4;4;4;2;1;1
619;2;3;2;4;4;4;3;4;4;4;2;2;4
620;2;4;3;3;3;3;3;3;3;3;3;3;2
622;1;3;3;3;3;3;2;2;2;3;2;3;2
623;2;2;3;4;4;3;3;4;4;3;4;1;1
624;1;3;3;4;4;3;3;2;2;2;3;3;2
625;1;3;3;1;1;1;1;1;1;1;1;1;1
626;1;3;3;4;4;4;3;4;4;4;3;2;2
627;1;2;3;4;4;4;3;4;4;3;2;1;1
628;1;2;3;3;4;2;3;3;3;4;2;1;1
629;1;4;3;4;4;4;3;4;4;4;3;1;1
634;1;3;3;4;3;4;3;4;4;3;1;3;1
637;2;1;2;4;4;4;4;3;4;4;4;3;2
638;2;3;3;4;4;4;4;3;3;3;1;1;2
639;2;3;3;3;3;3;3;3;3;3;3;3;3
643;1;3;3;3;3;3;3;2;3;3;2;3;2
644;2;4;3;4;4;4;3;3;4;3;2;1;1
647;2;3;3;4;4;3;3;3;4;4;2;2;2
654;2;3;3;4;4;4;4;4;4;4;4;4;4
658;1;4;2;3;3;3;2;2;3;3;3;2;1
662;2;4;2;4;3;3;3;4;4;4;3;1;1
667;1;4;3;3;3;3;1;2;2;2;2;2;3
668;2;2;3;4;3;4;3;4;3;3;3;1;1
669;1;4;3;3;3;3;3;3;3;3;2;2;2
672;2;2;3;4;3;3;3;3;3;3;2;1;1
673;1;2;3;4;4;3;3;4;4;4;4;4;4
675;2;3;2;4;4;4;3;3;3;4;3;1;2
677;2;3;2;4;4;4;4;3;4;4;4;4;1
679;2;3;3;4;4;4;2;4;3;3;3;1;2
680;1;3;3;3;3;3;2;3;4;4;2;3;1
681;2;2;3;4;4;3;3;3;2;3;4;1;1
684;2;4;2;4;4;4;3;3;3;1;2;1;1
685;2;3;2;4;4;4;3;3;4;4;4;1;1
686;2;3;3;4;4;4;3;3;4;4;2;3;3
687;2;3;2;4;4;4;3;3;4;4;1;2;1
688;2;1;2;4;4;2;3;3;2;1;2;1;1
689;2;3;2;3;3;3;3;3;3;3;3;3;3
690;2;3;3;4;4;4;4;4;4;4;3;2;2
692;1;3;3;4;4;4;3;4;4;4;3;4;3
706;1;3;2;4;4;4;3;3;3;2;3;1;1
709;2;2;1;2;2;1;3;4;3;4;3;2;4
715;1;3;2;4;3;4;4;4;3;3;3;2;1
716;1;4;3;4;3;3;3;4;4;3;2;2;2
719;1;4;3;3;3;4;4;4;3;4;2;2;1
720;1;3;2;4;4;2;1;2;4;4;1;1;2
724;2;3;3;4;3;4;4;4;4;4;3;2;1
725;2;3;2;3;2;2;2;3;4;3;4;3;4
729;2;3;2;4;3;3;2;4;3;3;3;1;1
730;2;2;2;4;4;4;3;3;3;4;3;2;1
731;2;2;3;4;4;4;4;3;4;4;4;4;4
733;2;3;2;4;4;4;4;3;4;2;3;4;2
734;2;3;2;4;4;3;4;4;4;4;2;4;1
735;2;3;2;4;4;4;2;3;2;4;2;1;2
736;2;3;2;4;3;3;3;2;4;3;3;2;2
739;1;3;2;4;3;4;3;3;3;3;1;2;3
740;1;2;2;3;4;3;2;2;4;2;2;1;1
745;2;2;3;4;3;4;3;3;3;4;4;4;3
747;2;4;2;3;3;2;2;4;3;3;2;1;2
748;2;1;3;4;3;2;3;4;4;4;1;1;1
750;2;2;3;3;3;3;3;3;3;3;3;3;3
759;2;2;3;4;4;3;1;2;4;4;3;1;1
762;1;4;3;3;3;3;3;3;4;4;2;1;1
763;1;3;2;4;4;4;4;4;4;4;3;2;2
765;2;3;3;4;4;3;3;3;4;4;3;2;1
767;2;3;2;3;3;4;3;3;3;3;2;1;2
770;1;3;2;4;4;4;1;2;2;3;1;2;2
771;1;3;2;4;3;3;3;4;3;4;2;1;1
772;1;2;2;4;2;2;2;4;4;2;1;1;1
775;2;1;3;4;4;3;3;3;3;3;2;4;2
777;2;2;2;4;4;4;4;4;3;3;3;4;2
780;2;2;3;4;4;4;3;3;4;4;1;4;2
781;1;3;2;4;3;3;3;3;4;4;1;1;1
785;2;4;3;4;3;3;2;3;2;4;2;1;1
786;2;4;2;4;4;3;4;4;1;4;3;1;1
791;1;3;2;4;3;4;2;4;4;4;2;2;2
793;2;3;3;4;4;4;1;2;4;3;1;1;1
794;2;3;3;4;3;4;4;3;3;4;4;3;4
798;2;3;3;3;4;4;3;2;4;3;4;3;1
802;1;3;2;4;4;3;4;4;4;4;3;4;3
804;1;3;2;3;3;3;2;3;3;3;2;1;1
808;2;3;3;4;4;4;3;3;4;4;1;2;1
809;1;3;3;4;4;4;3;3;3;2;3;2;1
810;1;2;2;3;3;1;3;1;1;1;3;3;1
813;1;2;3;4;4;3;2;3;4;4;3;1;3
814;1;2;2;4;4;4;2;2;3;3;3;4;1
821;1;2;3;4;4;4;2;2;4;4;2;2;2
823;2;3;3;4;4;4;4;4;4;4;2;2;1
824;2;4;3;4;1;2;2;4;3;4;1;1;1
828;2;2;2;4;4;3;4;3;4;3;3;1;1
830;1;3;2;2;3;4;4;3;4;4;2;1;2
831;2;2;2;3;4;3;2;2;3;3;2;1;1
832;2;1;2;3;3;2;2;3;2;3;2;1;2
834;1;1;2;4;4;4;4;4;4;3;3;1;1
835;1;4;3;4;3;4;4;4;4;4;2;2;2
837;1;3;3;4;4;4;2;3;4;4;3;3;1
838;2;1;2;4;3;3;2;2;3;3;2;1;2
841;2;1;3;4;4;4;1;3;4;2;3;1;1
844;2;3;3;4;4;4;3;4;4;4;3;3;3
848;1;3;3;4;4;4;2;1;4;3;1;1;1
849;2;4;2;3;3;3;3;2;3;3;2;1;1
853;1;4;3;4;3;2;2;3;4;4;2;1;2
857;1;3;3;4;2;3;3;3;4;4;2;1;1
858;2;2;3;4;4;4;4;3;3;3;3;3;1
859;1;3;3;4;4;4;2;3;3;4;2;1;1
862;2;4;2;4;4;4;2;3;4;4;1;2;1
864;2;3;2;4;4;4;2;2;4;3;3;1;1
865;1;2;2;4;3;4;3;4;4;4;2;1;1
882;2;2;2;4;3;4;3;3;3;3;3;1;2
887;1;3;3;3;4;4;2;2;4;4;4;2;1
888;2;3;2;4;4;4;3;4;3;4;4;3;2
896;1;2;3;4;3;4;3;3;2;4;3;1;3
897;2;3;3;4;4;4;2;3;4;4;3;1;1
898;2;2;3;3;1;1;4;1;3;2;2;2;4
901;1;2;3;1;2;2;2;3;1;3;2;2;2
905;2;2;3;4;3;3;3;3;3;3;3;3;2
907;2;2;3;4;4;4;3;3;3;4;4;4;3
913;2;3;3;1;3;3;3;1;4;3;2;1;2
916;2;3;2;3;3;3;2;3;3;3;3;1;2
917;1;1;3;4;4;4;3;3;4;4;2;1;2
919;1;3;3;3;3;3;3;3;3;3;2;2;2
922;2;3;3;4;4;4;2;2;4;4;3;2;1
925;1;2;2;2;2;2;2;2;2;3;2;4;2
927;1;3;3;3;3;2;3;3;3;3;2;3;3
931;2;3;3;4;4;4;4;4;4;4;4;4;4
938;1;3;3;4;4;3;3;3;4;4;1;3;1
939;2;3;3;4;4;4;4;4;4;4;4;4;4
946;2;4;2;4;4;4;3;3;3;4;2;2;1
949;1;3;3;4;4;4;2;2;2;3;2;3;2
950;2;2;2;3;3;3;3;3;3;3;3;1;2
952;1;2;3;4;4;4;4;2;3;3;2;3;2
960;1;2;3;4;4;4;4;4;4;4;4;4;1
963;1;4;2;4;3;3;3;3;4;4;2;2;2
964;1;3;2;4;4;4;3;3;4;4;3;2;1
966;2;2;3;4;4;4;3;3;4;3;1;1;1
970;1;2;3;4;4;4;3;3;3;4;3;3;2
972;1;2;3;4;4;4;2;2;3;3;2;2;2
976;1;2;3;4;4;3;3;2;3;3;2;1;1
979;2;2;3;3;3;3;3;3;3;3;3;3;3
983;2;3;3;4;4;4;3;3;4;4;3;3;2
994;1;2;3;4;4;4;4;3;4;4;2;1;1
998;2;2;3;4;4;4;3;2;3;4;2;2;2
999;2;4;3;4;3;3;3;4;4;4;3;2;2
1003;1;2;2;3;3;2;3;2;3;3;2;2;2
1004;2;2;2;4;4;4;4;4;4;4;4;2;4
1005;2;3;3;4;3;4;3;3;3;4;4;3;1
1006;1;1;2;3;3;2;2;3;4;2;1;1;1
1008;2;2;3;4;4;4;4;3;4;4;4;3;3
1013;1;2;1;2;3;3;3;3;4;4;2;3;4
1015;1;2;2;4;4;4;4;3;4;3;4;1;1
1021;1;3;3;3;3;3;3;3;4;4;2;2;2
1033;2;2;2;4;3;3;3;3;4;4;2;1;1
1035;2;2;3;4;4;4;4;4;3;4;3;4;2
1037;2;3;3;4;4;4;3;4;4;4;4;2;2
1039;2;2;3;4;4;4;3;4;4;4;2;2;2
1040;1;3;3;3;3;2;1;3;4;3;2;1;2
1041;2;3;2;4;4;4;4;4;4;4;4;4;2
1042;2;3;2;3;3;3;4;3;3;2;3;3;4
1046;1;2;2;4;4;4;4;4;4;4;3;2;2
1050;2;2;2;3;3;3;3;3;2;4;3;4;4
1054;1;3;2;3;3;3;3;3;3;3;3;3;2
1056;1;3;3;3;4;4;3;2;3;4;2;2;3
1057;2;4;2;4;4;3;3;4;4;4;2;1;1
1058;2;2;3;4;3;3;2;3;4;3;1;1;2
1061;1;3;3;3;4;3;2;2;3;3;3;4;1
1064;2;2;3;4;4;4;4;4;4;4;2;4;2
1065;1;3;2;4;3;4;3;3;4;3;3;1;2
1066;1;4;3;3;4;2;2;3;4;3;1;1;1
1069;2;3;3;4;4;3;3;3;4;3;3;2;1
1070;1;1;2;1;3;3;2;2;4;1;4;3;2
1073;2;2;2;4;4;3;2;3;4;3;3;4;2
1086;2;3;2;4;3;3;2;3;4;3;3;4;1
1089;1;2;2;4;4;3;2;2;3;3;2;4;2
1090;1;1;2;4;4;4;2;2;3;4;3;1;4
1093;1;2;2;4;3;3;2;2;3;3;2;1;3
1094;2;3;2;4;4;4;4;4;3;4;3;3;1
1095;2;3;2;3;3;3;3;3;3;3;3;1;2
1098;2;3;2;3;3;3;3;3;3;3;3;3;2
1099;2;4;2;3;3;3;3;3;2;3;3;3;1
1105;1;2;2;4;4;4;1;1;1;3;1;3;1
1106;1;2;1;4;4;4;3;4;4;4;4;4;1
1107;1;2;2;4;4;4;4;1;2;3;4;1;1
1108;1;2;2;4;4;4;2;3;3;4;3;1;2
1110;2;4;2;4;3;4;2;3;4;4;3;1;1
1120;2;2;2;4;4;3;4;3;3;4;3;1;2
1122;2;3;2;3;3;3;3;3;3;3;3;3;2
1123;2;2;2;4;4;4;3;2;4;4;2;4;2
1130;1;1;2;4;3;3;3;4;3;4;3;1;2
1131;2;1;2;4;4;4;3;4;3;3;3;1;1
1132;1;1;2;4;4;2;1;3;4;3;2;1;2
1138;1;1;1;4;4;4;4;4;3;3;1;1;3
1141;2;1;2;3;3;2;1;2;2;3;3;1;1
1143;1;2;2;4;4;4;2;4;4;4;4;1;3
1144;1;2;2;4;3;3;4;4;3;3;3;3;2
1145;2;2;2;4;4;4;4;4;4;4;2;4;2
1146;2;1;2;3;3;3;3;3;3;3;3;1;1
1149;2;1;2;4;4;4;4;4;4;4;4;1;1
1152;2;3;2;4;4;4;4;3;4;4;4;2;4
1153;2;2;2;3;4;3;3;3;3;4;2;3;4
1160;2;1;2;3;3;3;3;4;4;3;2;2;1
1162;2;2;2;4;4;4;3;3;3;3;3;1;2
1164;2;2;2;4;4;4;4;4;4;4;4;4;2
1166;2;1;2;4;4;3;2;3;3;2;3;1;1
1172;2;2;2;4;4;4;1;2;3;3;2;1;4
1173;2;1;2;3;3;3;3;3;3;3;3;1;3
1175;2;1;2;4;4;4;4;4;4;4;1;1;1
1180;2;1;2;4;4;4;4;4;4;4;4;2;4
1182;1;2;2;4;4;4;3;3;3;3;2;2;1
1187;2;1;2;4;4;4;2;2;2;2;2;1;4
1188;2;1;2;4;4;4;2;3;4;3;2;1;3
1189;1;2;2;3;3;3;3;3;3;3;3;1;3
1191;2;1;1;3;3;3;3;3;3;3;3;3;3
1192;1;3;2;4;3;3;3;4;4;3;4;2;2
1194;2;1;2;4;4;4;2;3;4;3;4;1;3
1196;1;1;2;4;4;4;4;4;4;4;4;4;4
1197;1;3;1;4;4;4;2;2;3;4;2;1;1
1198;1;2;2;3;4;3;3;3;4;3;3;4;2
1201;2;1;2;3;3;3;3;3;3;4;3;1;3
1202;1;2;1;4;4;4;4;4;4;4;4;2;2
1206;2;1;2;4;4;4;3;3;3;3;3;1;1
1207;2;2;2;3;3;3;3;3;3;3;3;3;3
1208;2;2;2;4;4;4;3;3;3;4;1;3;1
1209;2;2;3;3;3;3;3;3;3;1;3;1;3
1211;2;3;2;4;4;4;3;4;3;4;3;2;2
1213;2;2;2;3;3;3;3;3;3;3;3;2;2
1215;2;2;3;4;3;3;3;3;4;4;3;1;2
1220;2;2;3;4;4;4;4;3;4;4;4;1;3
1223;1;2;2;4;4;4;4;4;4;4;2;1;2
1224;2;1;3;4;4;4;3;4;3;3;3;2;2
1228;1;2;3;4;3;4;2;4;4;4;3;1;3
1232;2;2;3;4;3;4;2;3;3;4;2;1;2
1234;1;3;2;3;3;3;3;3;3;3;3;2;3
1235;1;1;2;4;4;4;3;2;1;4;2;2;2
1243;1;2;2;3;2;3;3;2;2;2;2;1;2
1244;2;1;2;4;3;4;4;4;4;3;2;1;2
1247;1;2;2;4;4;3;4;4;3;4;3;2;3
1248;2;2;3;4;4;4;2;4;4;4;2;2;1
1252;1;4;3;4;3;3;3;3;3;3;2;2;1
1255;1;2;3;4;4;4;3;4;3;3;4;4;3
1256;1;2;3;4;3;3;3;4;4;4;1;1;4
1260;1;1;3;3;3;4;4;4;4;4;3;2;2
1261;1;2;2;4;3;3;3;3;2;4;2;1;1
1265;1;2;1;3;3;3;3;3;3;3;3;3;3
1266;2;3;2;3;3;4;3;4;2;4;2;3;1
1272;2;1;2;4;4;4;2;4;4;4;4;3;2
1273;1;1;3;4;3;4;4;4;4;4;4;1;4
1278;1;3;3;4;4;3;2;2;3;3;1;3;1
1280;2;3;2;4;4;4;3;3;3;4;3;2;2
1282;1;4;2;3;3;4;4;4;3;4;3;3;2
1286;2;4;2;4;3;3;3;3;4;4;3;4;3
1295;2;1;2;4;4;4;4;4;4;4;3;1;3
1296;2;2;3;4;3;3;3;3;4;4;2;1;2
1297;2;1;3;4;4;4;2;2;4;3;2;3;3
1298;2;1;3;4;4;4;4;4;4;3;4;1;3
1299;2;4;2;4;4;4;4;4;4;4;3;3;2
1300;1;1;2;3;3;3;4;4;4;4;1;1;2
1301;1;3;3;4;4;4;4;4;4;4;4;2;4
1303;1;3;1;4;3;4;1;4;3;3;3;1;1
1307;2;2;3;4;4;4;4;4;4;4;4;2;4
1308;2;2;2;3;3;3;3;3;3;3;3;3;3
1309;2;2;2;4;4;4;4;4;4;4;4;4;4
1313;2;4;2;4;4;4;3;3;4;4;3;3;3
1316;1;4;2;4;3;3;2;3;4;3;2;3;1
1318;2;2;3;4;3;4;2;3;3;3;2;1;1
1320;1;2;3;4;4;3;4;3;3;4;4;2;4
1321;2;1;3;4;3;3;3;4;3;3;4;1;3
1322;2;1;3;4;4;3;1;3;3;3;4;1;2
1324;1;2;3;3;3;3;1;1;1;1;1;1;2
1326;1;3;2;4;3;3;3;3;3;3;3;2;2
1328;1;3;1;3;3;3;3;3;2;3;2;3;2
1329;1;3;3;3;3;3;3;3;3;3;3;3;3
1330;2;1;2;4;4;4;3;3;3;2;3;4;3
1331;2;1;2;4;4;4;4;4;4;4;3;1;1
1335;1;2;2;2;1;2;3;3;3;3;2;3;3
1336;1;3;2;3;3;3;3;3;4;3;2;2;2
1346;2;3;3;3;3;4;3;3;4;3;1;3;1
1348;2;2;2;3;3;3;3;3;3;3;3;3;3
1349;2;4;3;4;4;4;3;4;3;4;1;1;1
1352;2;2;2;4;4;4;2;1;3;3;1;3;1
1357;1;3;2;4;4;4;3;4;4;3;3;3;2
1359;1;2;2;3;3;3;3;3;3;3;3;3;3
1361;2;1;3;4;4;4;3;4;4;4;2;1;1
1363;1;2;2;4;4;3;2;3;4;4;3;2;1
1365;2;4;2;4;4;4;3;3;4;4;2;1;2
1368;1;2;2;4;3;3;3;3;3;3;3;1;1
1369;2;2;2;4;4;4;3;4;4;3;2;1;2
1377;2;2;3;4;4;4;4;4;4;4;4;1;1
1378;2;1;2;4;4;3;4;4;4;3;3;1;4
1383;2;2;3;4;3;4;2;3;3;3;3;4;1
1386;1;3;2;4;4;4;3;4;3;4;3;1;1
1387;2;2;2;4;3;4;4;4;4;4;4;2;4
1388;2;3;3;4;3;2;3;4;4;4;2;1;1
1389;2;3;2;4;3;3;4;4;3;3;3;4;2
1390;1;3;2;4;4;4;3;3;4;3;2;2;2
1392;2;3;2;3;3;3;3;3;3;3;3;3;2
1394;2;2;3;3;1;3;1;3;1;1;3;1;3
1395;1;2;3;4;4;4;3;2;3;4;4;2;3
1396;1;1;2;3;3;3;3;3;3;3;3;1;1
1397;2;3;3;4;3;3;3;4;4;4;2;1;2
1399;2;4;2;4;4;4;2;3;4;4;2;1;1
1403;1;2;2;4;4;3;3;2;3;3;2;2;3
1406;2;1;1;3;3;4;2;3;2;2;2;2;1
1408;1;2;3;4;4;4;2;4;4;4;4;1;1
1413;2;1;2;4;4;3;3;4;4;3;2;1;1
1422;2;2;2;4;4;2;2;2;4;3;2;2;1
1424;1;2;2;4;4;4;4;4;4;4;2;3;2
1425;1;3;2;4;4;4;4;4;4;4;2;1;2
1427;2;3;2;4;4;4;4;3;4;4;3;4;3
1432;2;2;2;4;4;4;4;4;4;4;4;4;1
1434;2;2;3;3;3;3;3;2;3;3;3;3;1
1448;2;1;2;2;2;3;2;2;2;2;2;1;3
1452;2;3;2;4;3;3;4;3;4;3;2;3;2
1453;2;1;3;4;4;4;3;2;3;4;2;1;2
1455;2;1;3;4;4;3;4;4;3;4;4;2;2
1456;2;2;3;4;4;4;4;2;4;3;3;3;3
1457;2;2;2;4;3;3;3;4;3;3;3;4;1
1460;2;2;3;4;4;4;4;4;4;3;2;1;1
1465;1;1;2;3;3;3;2;4;3;4;1;1;1
1468;2;3;2;4;3;4;3;3;4;3;2;1;3
1473;2;4;2;3;3;3;3;3;3;3;3;2;2
1481;1;4;1;4;4;4;3;4;4;4;3;1;2
1482;1;2;3;3;4;3;4;3;3;3;3;4;1
1489;2;3;2;4;4;4;3;3;4;4;3;2;1
1490;2;3;2;3;3;3;2;3;2;3;3;3;3
1495;1;3;2;4;4;3;2;3;2;2;2;2;1
1500;2;1;3;3;3;3;3;3;3;3;3;3;3
1502;1;2;2;3;3;2;3;1;3;1;2;1;1
1505;1;2;1;4;3;3;3;4;3;2;2;3;3
1507;2;2;3;3;3;3;3;3;3;3;3;2;2
1509;2;2;2;4;3;3;3;3;3;3;3;4;2
1516;1;2;3;4;4;4;3;4;4;4;4;3;2
1518;1;2;2;3;3;3;4;3;3;3;4;2;2
1521;1;2;2;4;4;3;4;3;4;3;3;3;2
1523;1;2;2;4;4;3;4;3;2;3;1;4;2
1524;2;2;3;3;3;4;2;2;2;3;2;3;4
1526;1;1;2;3;3;3;3;3;3;3;3;3;3
1527;1;1;2;4;4;4;4;4;4;4;4;1;1
1528;2;1;2;4;3;4;3;2;3;2;3;1;2
1529;1;2;3;4;4;4;4;4;4;4;4;4;4
1530;2;2;3;4;4;4;4;4;4;4;4;4;3
1533;2;1;2;4;4;4;4;4;4;4;4;1;1
1535;2;2;2;3;3;4;3;3;4;3;2;2;1
1542;2;2;3;4;4;4;4;4;4;4;3;2;2
1552;1;3;2;3;3;3;3;3;3;3;3;1;3
1555;2;1;2;4;4;4;3;4;4;4;3;1;4
1556;2;1;2;4;4;3;2;3;4;3;3;1;2
1557;2;1;2;4;4;3;4;4;4;2;2;1;1
1560;2;2;2;4;4;4;2;1;1;4;2;3;1
1562;2;3;2;4;4;4;4;4;4;4;1;1;1
1571;2;3;2;4;3;3;4;3;4;3;3;3;1
1575;2;3;2;4;4;4;3;4;4;4;3;2;3
1582;1;2;1;3;3;3;3;3;3;3;3;2;3
1584;1;2;2;3;3;4;3;3;3;4;2;2;1
1586;2;2;2;4;4;3;2;3;4;4;2;3;2
1588;2;2;2;4;4;4;3;3;3;4;2;4;1
1598;1;4;2;4;4;4;2;2;3;3;1;1;1
1600;2;3;2;4;4;4;4;4;4;4;4;4;3
1603;2;2;2;4;4;4;2;2;3;3;2;4;2
1605;1;4;1;4;4;4;4;4;4;4;2;1;1
1608;1;2;2;3;3;3;3;3;3;3;3;3;3
1611;2;3;2;4;4;4;4;3;4;4;4;2;2
1615;2;3;2;4;3;3;3;3;3;3;3;2;3
1620;2;3;2;4;4;3;4;4;4;3;3;3;2
1626;1;2;1;3;3;3;3;3;3;3;3;3;2
1628;2;1;2;4;4;4;3;4;3;2;2;2;2
1637;1;3;2;3;3;3;3;3;2;3;2;2;2
1646;1;2;2;4;4;4;4;4;4;4;4;1;3
1651;2;2;2;4;4;3;4;3;3;3;1;3;2
1652;2;3;2;3;3;3;2;2;3;3;3;2;3
1658;2;3;2;3;1;2;2;1;1;2;3;1;1
1662;1;4;2;4;4;4;3;4;4;4;1;3;3
1678;2;2;2;3;3;3;3;2;3;3;3;3;2
1684;1;2;1;3;4;3;3;3;3;3;3;2;2
1687;2;4;2;4;4;4;3;3;4;3;2;1;2
1695;2;2;2;4;4;4;4;3;3;4;4;4;1
1707;2;2;2;3;3;3;3;3;3;2;2;2;3
1709;1;4;2;3;3;4;3;4;3;4;2;1;1
1716;2;2;2;3;3;3;2;2;3;2;2;3;2
1724;1;1;2;4;4;4;2;2;3;3;2;2;2
1725;1;2;2;3;3;3;3;2;4;3;3;3;3
1732;1;2;2;3;4;4;3;3;2;4;3;2;1
1734;1;2;2;3;3;3;3;3;3;3;3;3;2
1737;1;4;2;4;4;4;2;2;3;2;2;2;1
1739;2;1;2;4;4;4;4;2;4;4;2;1;1
1743;2;3;2;4;4;4;3;4;4;4;2;1;2
1744;1;3;2;4;4;4;3;3;4;4;4;4;2
1750;2;2;2;3;3;3;3;3;3;3;3;3;2
1754;2;3;2;4;3;4;4;4;3;4;3;3;2
1756;2;2;2;4;4;3;4;4;4;4;4;3;2
1757;2;2;2;4;4;4;4;4;1;4;1;1;1
1765;2;3;2;4;3;4;3;3;3;4;3;1;1
1772;2;3;2;4;4;3;3;3;2;3;3;1;2
1776;2;3;2;4;4;3;4;4;4;3;2;1;1
1786;2;2;1;4;4;4;4;3;4;3;3;3;3
1790;1;2;2;3;2;3;3;2;3;2;3;3;3
1795;2;1;1;4;4;4;1;1;4;3;2;1;1
1801;1;2;2;4;4;4;1;4;4;4;1;1;1
1802;2;1;2;4;3;3;3;3;3;4;2;1;1
1807;2;3;2;3;3;3;2;3;2;3;2;2;1
1818;2;3;2;3;3;3;2;3;1;3;1;2;1
1820;2;3;2;4;3;4;3;3;4;2;2;4;3
1821;2;3;2;4;3;3;3;4;4;4;2;2;3
1827;1;3;2;3;3;3;3;3;3;3;3;3;3
1831;2;1;2;3;3;4;3;3;3;4;3;1;2
1832;2;3;2;4;4;4;3;4;4;4;2;2;2
1835;2;2;1;3;3;3;3;3;3;3;2;2;2
1838;1;4;2;4;4;3;2;4;3;4;2;1;1
1841;2;3;2;3;3;3;3;3;4;4;3;2;2
1846;2;2;1;4;4;4;4;4;4;3;4;2;1
1847;2;2;2;4;4;4;3;3;3;3;4;3;1
1848;1;3;2;4;3;4;3;3;4;4;2;1;2
10004;1;4;1;3;3;3;3;3;3;3;3;3;3
10009;1;4;2;4;4;3;2;2;2;2;2;2;4
10016;1;3;3;4;4;3;3;3;4;3;3;2;3
10020;1;4;1;4;4;4;2;4;4;4;1;1;2
10022;2;4;3;4;4;4;1;4;4;4;2;4;1
10024;2;4;2;4;3;4;2;3;3;2;2;2;3
10025;1;4;2;4;4;4;3;4;4;4;3;2;3
10029;2;4;1;4;4;4;1;4;4;4;3;2;3
10031;2;4;3;4;3;4;2;3;3;3;3;3;3
10032;1;4;3;3;3;3;3;4;4;4;3;2;1
10033;1;4;3;3;3;3;3;4;4;3;2;2;2
10035;2;4;3;3;3;3;2;3;3;3;3;2;3
10036;2;4;2;4;4;4;2;4;3;3;3;3;2
10040;2;4;3;4;4;3;3;4;3;3;3;4;2
10043;1;2;3;4;3;3;2;2;3;2;1;1;3
10044;2;4;3;4;3;2;4;1;2;3;2;3;2
10045;2;4;3;4;4;3;2;4;4;4;2;1;2
10048;2;4;1;3;3;3;2;2;3;3;2;2;2
10051;1;4;3;4;4;4;3;3;4;4;3;3;2
10053;1;3;2;4;4;4;4;4;4;4;4;2;1
10057;2;4;2;4;4;3;3;3;3;4;3;3;2
10059;2;4;2;4;3;3;3;3;3;3;3;1;1
10064;1;4;3;2;3;4;3;2;1;3;1;2;4
10067;1;4;2;4;4;3;2;4;3;2;2;1;3
10068;2;3;2;4;4;4;4;4;4;4;4;3;3
10071;2;4;2;3;3;3;3;3;3;3;3;3;2
10072;2;4;2;4;4;4;3;3;3;4;2;2;2
10075;2;4;2;4;4;4;3;3;3;3;2;1;1
10086;2;4;2;4;4;4;4;4;4;4;4;3;3
10090;2;4;2;4;3;4;4;3;4;4;3;2;2
10093;1;4;1;4;3;4;2;1;1;2;2;3;3
10095;1;4;2;4;4;4;1;2;3;3;1;1;1
10102;2;4;2;3;3;3;3;3;3;3;2;3;1
10111;2;4;2;4;4;3;4;4;4;4;4;4;2
10118;2;4;2;3;3;3;2;2;3;3;3;2;2
10121;2;4;2;3;4;3;2;3;2;3;1;3;1
10131;2;4;1;3;3;3;3;3;2;3;3;2;2
10132;2;4;2;4;4;4;2;3;3;4;4;1;2
10134;2;4;1;4;4;4;3;4;4;4;2;2;1
10136;2;4;2;4;4;4;3;4;4;4;3;2;3
10141;2;3;2;3;3;3;3;3;3;3;3;3;3
10143;1;3;2;3;4;3;3;4;3;3;3;2;2
10145;1;4;1;3;3;3;3;3;3;3;3;2;3
10151;2;4;2;4;4;3;2;3;4;3;4;1;4
10157;2;4;2;3;4;4;3;3;3;3;3;2;1
10159;2;3;2;4;4;4;2;2;3;3;3;3;2
10010;2;1;1;3;3;3;4;4;4;3;3;1;2
10026;1;2;1;2;2;2;2;2;2;2;2;2;2
10032;2;2;1;4;4;3;2;2;3;3;3;4;1
10047;1;3;1;3;2;3;3;4;1;3;1;1;4
10058;2;2;1;4;4;4;3;3;4;4;4;4;4
10059;2;2;1;3;4;4;3;4;3;3;3;4;4
10062;1;1;1;3;3;3;3;3;3;3;3;2;3
10066;1;1;1;1;1;1;1;1;1;1;1;1;4
10069;2;2;1;4;4;3;3;3;4;3;2;4;3
10073;1;1;1;4;3;3;2;2;3;3;3;1;1
10078;1;1;1;4;4;3;4;4;4;3;3;3;3
10081;1;1;1;3;3;2;4;2;2;3;4;3;4
10083;1;1;1;3;3;3;4;3;4;3;3;3;4
10096;2;2;1;4;4;4;2;3;3;3;1;4;1
10105;1;2;1;3;2;3;1;3;2;3;3;2;1
10122;2;1;1;3;1;4;1;1;4;3;1;1;1
10131;1;1;1;4;3;3;2;3;3;4;4;2;3
10133;2;2;1;3;3;3;3;3;3;3;3;3;2
10139;1;1;1;2;3;2;1;2;2;3;3;1;4
10149;1;2;1;4;4;4;4;4;4;4;2;4;1
10172;2;3;1;4;3;2;3;3;3;2;1;2;2
10181;2;1;1;4;4;4;4;4;4;4;4;1;4
10201;1;3;1;4;4;4;4;4;4;4;4;4;4
10237;2;2;1;4;3;3;2;3;3;3;2;3;1
10238;2;1;1;4;3;3;4;4;4;4;3;2;2
10248;2;2;1;3;4;4;2;3;4;4;3;3;2
10258;2;3;1;4;4;4;3;3;3;3;2;2;1
10262;2;1;1;4;4;4;4;4;4;4;4;2;2
10271;2;1;1;4;3;3;4;4;2;4;3;3;4
10275;2;2;1;4;4;3;2;4;4;4;2;1;2
10277;2;1;1;2;3;2;3;2;2;3;4;2;3
10279;2;1;1;4;2;3;4;3;2;3;3;3;3
10283;1;4;1;3;2;2;3;2;3;3;3;4;4
10289;2;1;1;3;4;3;2;3;3;3;4;4;3
10294;1;2;1;4;4;3;3;3;4;3;4;1;3
10306;2;3;1;4;4;2;2;2;3;3;3;3;2
10312;1;2;1;3;4;4;1;3;3;1;3;1;1
10320;2;1;1;4;3;4;3;4;4;4;4;2;2
10333;2;1;1;4;4;4;4;4;4;4;4;4;4
10352;2;3;1;4;4;4;4;4;4;4;3;2;3
10362;1;2;1;4;4;4;4;4;4;4;2;4;2
10378;1;4;1;3;3;3;3;3;3;3;2;2;3
10394;2;2;1;4;4;4;2;4;4;4;1;1;1
10406;1;1;1;3;3;2;3;3;3;2;3;1;4
10411;1;1;1;3;4;3;3;3;3;4;4;1;3
10420;2;2;1;4;4;3;3;3;4;4;4;2;4
10423;2;1;1;4;4;2;3;3;4;4;4;3;4
10424;2;1;1;4;3;2;4;4;4;4;1;1;1
10433;2;1;1;4;4;3;3;4;3;2;3;3;4
10434;2;1;1;4;4;3;3;3;4;4;3;1;2
10439;2;1;1;3;3;3;3;3;3;3;3;2;3
10444;2;1;1;4;3;4;3;3;3;4;3;1;3
10447;2;1;1;3;3;2;3;3;2;4;3;1;1
10463;2;3;1;4;4;4;2;3;4;3;3;3;3
10481;2;1;1;4;4;4;3;2;2;4;4;1;4
10492;2;3;1;4;3;3;2;2;4;4;4;4;1
10524;2;1;1;4;4;3;3;3;3;4;2;3;2
10531;2;4;1;4;3;3;3;3;3;3;3;3;4
10535;1;2;1;3;3;3;2;1;3;3;3;1;3
10552;1;2;1;3;3;3;3;3;3;3;3;3;2
10563;2;3;1;2;3;3;3;3;3;3;2;2;2
10568;2;3;1;3;3;4;2;2;2;3;2;2;4
10596;1;2;1;3;3;3;3;3;3;2;2;2;3
10623;2;2;1;4;4;4;3;4;4;4;4;1;1
10625;1;1;1;3;4;3;4;4;4;4;3;2;2
10649;1;3;1;3;4;4;4;4;3;4;3;3;3
10655;1;3;1;4;4;3;3;4;3;4;4;4;4
10665;2;2;1;3;3;3;3;3;4;3;2;1;1
10669;1;2;1;4;3;3;4;4;4;4;4;3;3
10672;1;2;1;4;4;4;4;4;4;4;4;4;4
10677;2;3;1;4;4;3;3;3;4;3;3;1;1
10681;2;1;1;3;1;1;1;3;1;3;1;1;4
10703;2;1;1;2;3;4;3;3;3;3;3;4;4
10708;2;1;1;3;2;4;3;4;3;3;3;4;2
10710;2;1;1;3;4;4;2;3;3;3;4;2;4
10712;2;2;1;4;4;4;3;3;4;4;4;4;3
10722;2;1;1;4;4;3;3;3;4;3;3;1;2
10728;1;3;1;4;4;3;3;4;3;4;4;3;4
10732;1;2;1;3;4;3;4;4;4;3;3;3;4
10734;1;2;1;4;4;4;3;3;4;4;3;3;4
10739;1;2;1;3;3;3;3;3;4;4;4;3;4
10744;1;1;1;3;3;4;2;3;2;3;2;1;3
10748;2;3;1;3;4;4;3;4;4;3;4;4;3
10753;2;1;1;4;4;4;3;4;3;4;3;3;2
10775;1;2;1;2;2;3;4;3;2;2;3;3;2
10778;2;1;1;4;4;3;4;4;4;4;3;1;1
10782;1;1;1;3;4;3;2;2;2;4;4;2;2
10785;2;2;1;3;4;3;4;3;3;2;2;3;3
10789;2;3;1;4;4;4;4;4;4;4;3;1;4
10799;1;3;1;3;2;4;2;3;3;2;3;4;3
10800;2;1;1;3;3;1;2;3;3;3;4;1;4
10809;2;1;1;4;3;3;4;4;4;4;4;2;1
10818;2;3;1;3;3;3;4;3;4;4;3;3;4
10821;1;3;1;4;3;4;4;4;4;3;4;4;3
10823;2;2;1;3;4;4;4;4;4;3;3;4;3
10825;2;3;1;4;4;4;3;3;4;4;4;3;3
10826;1;2;1;4;3;4;3;3;3;4;3;3;2
31835;2;2;1;3;3;3;3;3;3;3;2;2;2
31838;1;4;2;4;4;3;2;4;3;4;2;1;1
31841;2;3;2;3;3;3;3;3;4;4;3;2;2
31846;2;2;1;4;4;4;4;4;4;3;4;2;1
31847;2;2;2;4;4;4;3;3;3;3;4;3;1
31848;1;3;2;4;3;4;3;3;4;4;2;1;2
31853;1;2;1;4;4;4;3;3;4;3;3;4;1
31854;2;1;2;4;4;3;4;4;4;4;2;3;3
31861;2;4;2;3;3;3;3;3;3;3;3;3;3
31871;2;1;2;4;4;4;4;3;4;4;2;1;1
31876;2;3;2;4;4;3;4;4;4;4;3;1;2
31883;1;3;2;3;4;4;3;3;3;4;2;3;2
31886;2;3;2;4;3;3;3;4;4;4;2;3;2
31895;1;3;2;4;4;4;3;3;4;4;2;1;3
31904;1;2;2;4;4;3;3;2;3;3;2;1;1
31913;2;1;2;4;4;4;4;3;4;4;4;1;2
31924;2;1;2;4;4;4;4;2;3;2;2;2;2
31938;1;3;3;4;4;4;3;4;4;4;3;2;2
31943;2;2;3;4;3;4;3;3;4;4;3;3;2
31945;2;2;3;3;3;3;2;3;3;3;3;1;2
31965;1;2;3;3;3;3;3;3;3;3;3;3;3
31977;1;2;3;4;4;4;4;4;4;4;3;1;1
31983;1;2;3;3;4;3;2;3;3;3;1;1;2
31993;1;3;2;4;4;4;4;4;4;4;3;1;1
32005;1;4;2;3;3;3;3;4;4;3;3;2;3
32009;2;3;2;4;4;4;4;4;4;4;4;4;4
32022;2;3;3;4;4;4;3;3;4;4;3;2;1
32026;2;3;3;4;4;4;2;3;3;4;4;2;4
32031;2;3;3;4;4;4;4;4;4;4;4;2;1
32051;1;3;3;4;4;4;2;2;4;4;1;3;2
32063;2;1;3;4;4;4;2;3;4;3;2;1;1
32068;2;3;2;4;4;4;1;1;4;4;2;1;1
32093;1;3;3;4;4;3;3;3;3;4;2;1;1
32097;2;1;3;4;4;3;3;3;4;3;2;1;4
32098;2;2;3;4;4;4;2;4;4;3;4;2;3
32100;2;2;3;4;4;4;2;4;4;4;4;1;1
32107;1;3;3;3;3;3;3;4;3;3;3;1;1
32146;1;3;3;4;3;4;3;2;4;3;3;1;1
32149;2;2;3;4;3;3;3;3;3;3;3;2;1
32155;2;1;3;3;4;2;4;4;4;4;2;1;1
32166;1;3;3;4;3;4;1;3;2;3;2;3;2
32170;2;2;3;4;4;4;4;4;4;4;4;1;2
32217;2;2;3;4;4;3;4;4;4;3;1;1;1
32221;2;2;2;4;4;4;2;4;3;3;3;1;1
32230;2;3;2;4;4;4;3;3;4;3;3;2;2
32235;1;3;3;4;4;4;3;3;4;4;3;3;2
32238;2;2;3;4;4;3;4;3;4;4;2;1;1
32273;2;2;2;3;3;3;2;2;2;1;2;3;4
32278;1;3;3;4;4;3;2;3;3;3;2;1;1
32293;2;3;2;4;3;4;3;3;4;3;3;1;2
32296;2;2;3;4;4;2;2;2;4;4;4;1;2
32299;2;3;2;3;4;4;1;2;2;3;1;1;1
32302;2;3;2;4;4;4;4;4;4;4;4;4;4
32304;1;2;3;4;4;3;3;3;3;3;2;4;3
32307;1;3;3;3;4;4;2;2;2;3;2;1;4
32308;1;3;3;4;4;4;4;3;3;4;3;2;1
32310;2;2;2;4;3;3;3;3;3;4;4;2;1
32311;2;2;3;4;3;4;4;4;4;4;3;3;2
32318;1;3;3;4;4;3;2;3;4;3;2;2;1
32330;1;2;3;3;3;3;4;4;3;4;4;4;4
32331;1;2;3;4;4;4;2;2;3;3;3;1;1
32335;1;2;2;4;4;4;4;3;4;3;3;1;2
32337;2;2;3;3;3;4;3;3;2;2;4;1;1
32353;1;3;3;4;4;4;3;4;3;4;4;4;2
32356;2;3;2;4;3;3;3;3;3;3;3;1;1
32369;2;3;2;4;4;4;4;4;4;4;3;2;2
32372;1;2;3;4;4;2;3;4;3;3;2;1;1
32378;1;2;3;4;2;3;4;3;3;3;3;4;2
32398;2;1;2;4;4;3;4;4;4;3;2;1;1
32406;2;3;2;4;4;3;4;3;3;4;3;3;4
32408;2;3;2;4;3;4;3;3;3;3;4;2;2
32413;2;2;3;4;4;4;4;4;4;4;2;4;1
32418;1;2;3;4;4;4;3;1;2;2;2;3;3
32426;2;2;2;4;4;3;3;1;2;4;1;2;1
32430;2;1;1;4;3;3;3;3;3;3;3;1;1
32447;2;1;2;3;3;4;3;3;3;3;1;1;1
32451;1;3;2;3;3;3;3;3;3;3;3;1;2
32463;1;3;2;4;4;4;3;4;3;4;1;1;1
32471;1;3;2;4;4;3;2;3;3;2;3;1;1
32484;2;2;3;4;3;4;4;4;4;4;2;3;2
32489;1;2;3;3;4;3;3;3;3;2;3;1;2
32496;2;2;3;3;4;3;3;3;3;3;3;4;2
32497;2;2;2;3;4;3;4;3;4;3;2;3;2
32498;1;2;3;4;4;4;4;3;3;3;4;1;3
32499;1;3;3;4;4;4;2;2;3;4;2;1;1
32509;2;3;2;4;4;4;1;2;3;2;1;2;1
32517;1;2;1;4;3;3;3;3;2;3;3;1;1
32524;1;2;3;4;4;4;3;4;3;3;4;4;3
32527;1;2;2;4;4;3;2;2;2;2;2;1;1
32529;1;2;3;4;4;2;1;2;4;3;2;4;2
32530;1;2;2;4;4;4;3;3;3;4;3;3;4
32551;2;3;3;3;4;3;3;4;3;3;2;3;3
32556;1;3;3;3;4;3;3;3;2;3;2;3;2
32564;2;3;3;4;4;4;4;4;3;3;2;1;1
32569;1;4;2;3;3;3;3;3;3;3;3;3;2
32574;1;2;3;4;3;3;2;3;3;3;3;2;1
32583;1;2;3;2;2;2;2;2;2;2;2;2;2
32585;1;3;3;4;3;2;2;2;3;4;1;1;1
32591;1;2;1;4;4;4;3;4;4;3;3;1;3
32592;1;2;3;4;4;3;3;3;4;3;3;1;2
32596;1;2;2;4;4;4;4;4;1;2;3;2;1
32600;1;3;2;4;4;4;4;4;2;4;4;1;1
32601;1;2;3;4;4;4;3;3;4;4;3;1;4
32603;1;2;3;4;4;3;1;2;3;3;4;1;3
32605;2;3;2;4;3;3;3;3;3;3;2;2;3
32606;2;3;3;4;3;3;3;2;3;4;3;2;3
32607;2;3;2;3;2;3;3;3;3;3;2;1;1
32608;2;3;2;3;3;3;3;3;3;3;2;1;2
32609;2;2;2;3;3;4;3;2;3;3;3;1;3
32610;2;1;2;4;4;3;2;3;4;2;2;1;2
32611;1;2;3;4;4;4;3;3;3;3;4;4;2
32612;1;3;3;4;3;3;2;3;1;3;1;1;3
32614;1;2;3;4;4;4;4;4;4;4;4;4;4
32615;1;2;3;4;3;3;1;1;2;3;2;4;1
32617;2;2;3;4;4;4;4;3;4;3;3;1;3
32622;2;3;2;3;3;3;4;2;2;4;4;1;1
32623;2;3;3;4;4;4;4;4;4;4;2;3;1
32625;2;2;3;4;3;3;3;4;2;4;3;2;1
32626;2;1;3;4;3;4;4;4;3;3;3;2;2
32629;2;4;3;4;3;3;2;3;4;3;2;2;3
32632;2;2;2;4;4;4;4;4;4;4;4;3;2
32634;2;2;3;4;4;3;4;4;3;4;3;4;3
32637;2;2;2;3;3;3;3;3;3;2;2;1;1
32638;1;3;2;3;3;3;3;3;3;3;3;3;4
32639;2;3;3;3;4;4;4;3;3;3;4;2;3
32642;2;3;2;3;3;3;3;3;3;3;3;3;3
32643;1;2;3;4;4;3;3;2;4;4;1;1;1
32644;1;3;3;4;3;3;2;4;3;3;3;1;2
32649;2;1;2;3;3;3;3;2;2;3;2;3;2
32651;1;3;2;4;4;4;4;4;4;3;4;1;1
32654;1;2;2;4;4;4;3;3;4;3;3;1;2
32658;2;1;3;4;4;4;4;4;4;4;3;1;1
32660;1;2;2;4;4;4;4;4;4;4;4;3;1
32662;2;3;2;4;4;3;2;2;2;3;3;1;2
32664;1;2;3;3;3;3;3;2;3;3;3;3;1
32665;1;2;3;3;3;3;3;3;4;2;3;2;2
32666;1;2;2;3;1;2;2;2;3;4;2;1;1
32667;2;3;3;3;3;2;2;3;3;1;2;1;3
32669;1;2;3;4;4;4;3;3;3;3;3;1;2
32671;2;2;2;3;4;3;3;3;4;3;3;2;2
32672;1;2;3;3;3;3;2;2;2;2;1;1;2
32677;2;3;1;3;2;3;3;3;2;2;3;2;2
32679;2;1;2;4;4;4;4;4;4;2;4;1;1
32683;1;3;2;4;4;3;3;3;3;3;2;1;3
32684;2;1;1;3;3;3;3;3;3;3;4;1;1
32688;2;2;3;4;3;4;4;4;4;4;3;1;2
32690;1;2;3;4;4;4;3;2;4;2;4;1;1
32695;1;2;3;3;3;3;3;3;3;3;3;2;3
32698;2;1;2;4;4;2;3;2;2;2;4;1;4
32700;1;2;3;4;3;3;3;2;2;2;2;1;3
32702;1;3;2;4;4;4;2;3;3;1;2;4;1
32703;2;1;3;3;4;3;4;3;3;4;4;1;1
32704;2;2;3;4;4;4;3;4;4;4;2;2;1
32706;2;2;3;4;2;4;3;3;4;3;3;3;4
32707;1;2;3;4;3;3;4;4;4;4;2;1;1
32709;1;2;2;3;3;3;3;3;3;3;3;3;3
32710;2;2;2;4;4;4;3;3;3;3;2;1;2
32712;2;3;3;4;4;3;4;4;4;4;2;1;1
32714;2;1;2;4;3;4;3;4;3;4;2;1;1
32716;2;3;3;4;4;3;3;4;4;3;2;1;3
32717;1;2;2;4;4;4;2;2;2;3;3;2;2
32722;2;3;3;4;3;3;3;3;4;4;2;1;1
32726;2;2;2;4;3;3;4;4;4;4;2;1;1
32727;1;2;2;4;4;4;3;2;4;4;3;1;1
32729;2;3;2;3;3;3;3;3;4;3;2;1;1
32730;2;2;3;4;3;4;4;4;3;4;3;1;1
32737;2;3;2;4;4;4;2;4;4;4;2;3;2
32738;1;2;3;4;4;4;3;3;3;3;2;2;2
32739;2;3;3;4;2;4;4;3;3;3;1;1;1
32740;1;3;2;4;4;4;4;4;4;4;3;3;1
32741;1;3;2;4;3;3;3;4;4;4;2;1;1
32742;2;3;2;4;4;4;3;4;4;4;4;3;2
32743;2;2;3;3;3;3;3;3;2;4;2;1;2
32746;1;2;2;4;4;4;4;3;4;3;2;4;1
32748;2;2;1;3;3;3;2;3;3;2;3;1;3
32749;2;1;2;4;4;3;3;4;3;2;2;1;1
32751;1;2;3;4;3;2;2;3;3;4;4;1;3
32755;2;3;3;2;4;3;3;3;4;4;4;3;3
32756;2;3;3;4;3;4;3;4;4;4;3;3;3
32758;2;2;3;4;4;3;2;2;3;4;3;2;3
32759;2;2;3;4;2;4;3;2;4;3;3;3;4
32761;2;3;3;4;4;4;4;3;4;3;4;3;3
32762;1;4;3;4;3;3;3;3;3;3;3;1;1
32770;1;2;2;4;4;4;4;4;2;4;2;3;1
32773;2;1;2;3;3;3;3;2;3;2;2;1;1
32776;1;2;3;4;3;3;2;3;4;4;1;4;3
32777;1;4;3;4;4;3;3;3;3;3;1;1;4
32780;2;2;3;4;4;3;4;2;3;4;2;3;4
32782;1;2;3;3;3;3;3;3;3;3;3;3;3
32784;2;3;3;4;3;4;3;3;4;4;3;1;1
32785;2;2;2;4;4;2;1;1;1;1;1;4;1
32789;1;2;3;4;4;2;4;4;3;3;2;3;2
32791;2;2;3;4;4;4;3;2;4;4;2;4;3
32797;2;3;3;3;4;3;4;3;3;3;3;4;3
32801;2;2;2;4;3;4;3;3;3;3;2;3;3
32805;2;2;2;4;4;3;3;4;4;4;3;2;2
32808;1;2;2;1;2;3;4;4;2;4;2;1;3
32809;1;2;2;4;3;4;3;4;2;4;3;4;2
32813;1;3;3;4;4;3;2;3;4;4;2;3;3
32815;2;2;2;3;4;4;1;4;3;4;3;3;3
32818;2;1;2;4;4;4;4;4;4;4;3;1;2
32819;1;1;1;3;3;3;3;3;3;3;3;1;3
32821;1;2;3;4;3;3;2;2;4;2;3;4;3
32824;2;3;3;4;4;4;3;3;4;4;2;2;3
32826;2;2;2;4;4;4;3;3;3;3;2;3;1
32828;2;2;3;2;3;3;2;3;1;2;2;1;3
32830;1;2;3;4;4;4;2;4;4;3;2;1;1
32831;2;2;3;4;3;3;3;4;3;3;3;3;3
32832;2;2;3;4;4;3;3;3;3;3;3;4;2
32833;1;3;2;3;3;4;3;3;3;3;3;2;1
32834;2;2;3;3;3;3;2;2;2;2;1;3;2
32835;2;2;3;2;4;3;3;3;4;3;2;1;3
32836;2;2;3;2;3;3;3;2;2;3;3;2;3
32839;1;2;3;4;4;3;3;3;4;3;4;2;2
32840;2;2;3;4;3;3;4;4;3;4;3;1;1
32844;1;2;3;4;4;2;3;3;3;4;3;1;1
32846;1;3;3;3;3;3;2;3;4;3;2;1;1
32847;2;3;3;4;4;4;3;4;3;4;2;2;1
32852;2;2;3;4;4;4;4;3;4;4;3;3;2
32854;1;2;3;4;4;4;4;4;4;4;4;1;2
32855;1;2;3;4;4;3;4;3;4;4;4;4;4
32856;1;3;2;4;3;3;4;4;4;3;2;4;1
32860;2;2;3;4;4;4;1;4;4;4;1;1;1
32861;1;2;2;4;4;4;4;4;4;4;4;3;2
32862;2;2;3;3;4;3;2;2;3;3;2;4;4
32863;2;2;2;4;4;4;4;4;4;4;4;3;1
32865;1;2;3;3;4;3;3;3;2;3;3;4;2
32866;2;2;3;4;4;4;2;2;2;3;3;1;2
32867;1;2;3;4;4;4;1;3;4;4;1;2;1
32869;1;3;3;4;4;4;4;4;4;4;3;1;1
32872;1;2;2;4;4;3;3;4;4;4;3;2;2
32873;2;2;3;4;3;4;2;2;1;3;4;4;3
32874;2;3;3;4;4;4;3;3;3;3;1;1;1
32875;1;2;3;3;3;3;3;3;3;3;3;3;3
32876;1;2;3;4;4;3;3;3;3;4;3;1;2
32877;1;2;3;4;4;4;3;4;4;4;1;1;2
32879;1;2;3;4;4;3;2;3;3;3;3;1;4
32880;2;2;3;3;3;3;3;3;2;3;3;1;2
32881;1;2;2;4;4;3;2;3;4;3;3;1;2
32884;1;3;2;3;3;3;3;3;4;4;3;1;3
32885;2;2;3;4;3;3;3;3;4;4;2;1;2
32886;2;2;3;4;4;4;2;4;3;4;3;2;1
32889;1;2;2;4;3;4;4;4;2;3;3;3;2
32890;1;2;3;4;3;4;1;4;3;3;2;1;1
32892;2;2;2;4;4;4;2;2;2;2;2;4;1
32893;1;2;3;4;4;3;4;3;4;3;3;4;2
32894;1;2;2;4;4;3;4;4;3;4;4;1;1
32895;1;2;2;4;4;4;2;2;3;4;2;1;2
32898;1;2;3;4;4;4;3;2;2;4;2;1;1
32900;2;2;2;4;4;4;4;4;4;4;3;3;1
32901;2;3;3;4;4;4;4;4;4;3;1;1;2
32902;2;2;3;3;3;3;3;3;3;3;3;1;3
32907;1;2;3;4;4;4;3;3;3;3;3;1;2
32912;2;2;3;4;4;4;4;4;4;4;4;1;1
32913;1;2;3;4;4;4;2;3;2;3;1;1;1
32915;2;1;2;4;4;3;4;4;3;4;2;1;1
32917;1;2;3;4;4;4;4;4;4;4;3;1;1
32922;2;3;2;3;3;3;2;3;3;4;2;4;1
32924;2;2;3;4;4;4;4;3;4;3;3;1;1
32925;2;2;3;4;3;3;4;4;3;4;3;3;1
32926;1;2;3;4;3;3;3;3;4;4;4;1;3
32927;2;2;3;4;4;4;3;3;4;3;3;2;2
32930;2;2;3;4;4;4;3;3;3;4;2;4;2
32932;2;2;3;4;4;3;3;3;3;3;1;1;2
32933;1;2;3;4;4;4;2;2;3;3;1;1;2
32935;1;2;3;4;3;3;2;4;3;3;1;4;1
32937;1;2;2;3;4;4;4;3;4;3;2;4;1
32938;1;2;3;4;3;4;2;4;4;3;2;2;4
32943;2;3;3;4;4;4;3;4;4;3;2;2;4
32952;2;3;2;4;4;4;4;4;4;4;1;2;1
32968;1;3;3;4;3;3;4;3;4;4;3;4;4
32982;1;1;2;4;3;3;3;3;1;3;1;1;1
32995;1;1;2;4;4;3;4;3;4;4;2;1;2
33003;1;3;3;4;4;4;3;4;4;4;3;2;2
33009;2;1;2;4;3;3;4;4;4;3;2;1;1
33012;2;1;2;4;4;4;4;3;4;3;3;1;1
33015;2;4;2;4;3;4;3;3;4;3;2;1;3
33026;2;3;3;4;3;3;4;4;3;4;4;3;3
33029;1;3;3;4;3;3;4;4;3;3;2;3;3
33030;1;3;3;4;4;3;3;4;4;4;2;4;1
33041;2;3;2;4;3;1;3;3;4;1;1;1;1
33044;1;1;2;4;4;4;2;3;3;3;4;1;4
33045;1;3;2;4;4;4;4;4;4;4;1;1;1
33047;2;1;2;4;4;4;4;2;4;4;4;3;1
33060;2;3;3;4;4;4;3;3;3;4;2;3;1
33063;2;3;2;4;2;4;4;4;4;4;2;1;1
33070;2;1;2;4;4;4;1;2;3;1;2;1;1
33073;1;3;2;4;4;4;4;4;4;4;3;2;1
33075;1;3;3;4;3;3;3;1;4;3;1;3;1
33079;2;1;2;4;3;4;1;1;2;1;4;1;4
33087;1;4;2;4;4;4;2;4;3;4;2;3;1
33090;1;1;3;4;4;4;4;4;4;4;4;4;4
33091;1;1;1;4;4;4;4;4;4;4;3;1;2
33096;1;4;3;3;4;1;3;4;3;3;2;3;1
33110;2;1;2;4;4;4;3;4;4;4;2;1;2
33111;2;3;2;4;4;4;4;4;4;4;2;1;1
33115;1;1;2;3;3;2;3;3;3;3;3;1;2
33116;1;1;2;3;3;3;3;3;2;3;4;1;2
33154;2;3;2;4;4;3;3;3;4;4;3;3;2
33155;2;3;2;3;3;3;3;2;3;3;3;2;2
33188;1;3;3;4;4;3;3;4;3;4;3;3;2
33217;1;4;2;4;4;4;3;3;4;4;3;1;1
33230;1;3;2;3;3;2;3;2;2;3;3;4;2
33231;1;4;2;3;2;4;2;1;2;4;1;2;2
33236;1;4;2;4;4;4;3;3;4;4;2;2;4
33249;1;3;2;4;4;4;4;4;3;4;3;2;3
33261;1;3;3;4;4;3;3;2;3;3;2;1;2
33265;1;3;3;3;3;3;2;3;2;3;2;3;1
33268;1;3;2;4;4;4;1;1;4;3;1;1;1
33271;1;4;2;3;3;3;3;3;3;3;3;3;3
33274;1;3;1;4;3;4;4;4;4;4;3;2;2
33286;1;4;3;4;4;4;4;4;4;3;3;3;4
33320;1;2;3;4;2;3;4;4;3;4;1;1;1
20170;1;4;1;3;3;4;1;1;2;3;1;1;1
20171;1;4;2;4;4;4;3;4;4;4;4;1;3
20172;1;4;1;4;2;3;2;2;2;2;3;1;2
20175;2;3;1;3;3;3;1;1;1;2;1;1;1
20177;2;3;2;4;4;3;3;3;3;3;3;2;1
20179;1;4;2;4;3;2;3;3;4;3;4;3;4
20184;1;4;3;3;3;3;2;3;3;3;3;3;3
20185;2;4;2;3;3;3;1;3;3;3;3;3;3
20187;1;4;1;3;3;1;1;1;1;3;3;1;3
20188;2;4;2;3;4;4;1;3;3;3;4;3;2
20189;2;4;2;3;3;3;2;2;2;2;2;2;2
20191;2;4;3;4;4;4;3;3;3;3;3;2;2
20194;2;3;3;4;4;4;4;4;4;4;4;3;2
20195;1;3;1;4;4;4;2;2;1;2;2;1;1
20196;2;4;2;4;4;4;3;4;4;3;3;1;3
20197;2;3;3;3;4;4;3;3;4;3;4;3;3
20199;2;2;3;3;3;3;4;4;3;3;3;2;2
20200;1;4;3;4;4;4;2;2;2;3;3;3;4
20202;2;3;3;4;4;3;3;3;4;4;3;3;4
20207;2;3;3;3;3;2;2;4;4;3;1;2;1
20210;1;4;2;3;4;4;4;3;4;4;4;3;3
20212;2;4;2;4;4;4;4;3;4;4;4;3;2
20216;1;3;2;4;3;4;4;2;3;3;1;4;2
20223;2;4;2;3;3;3;3;3;2;3;3;1;1
20226;1;4;3;3;3;3;3;2;2;2;2;2;3
20228;1;2;3;4;3;3;3;3;4;4;2;3;2
20232;1;3;3;4;4;4;4;4;4;4;4;4;4
20235;2;3;2;4;3;3;3;3;2;3;3;2;3
20239;2;4;2;4;4;3;4;4;3;4;3;2;3
20244;2;3;2;3;2;4;2;2;2;4;2;1;2
20246;1;4;2;4;4;4;4;3;2;4;2;3;1
20249;2;3;3;3;3;3;3;3;3;3;3;3;3
20252;1;4;3;4;4;4;3;3;4;3;3;4;2
20253;1;4;3;1;1;1;1;1;1;1;1;1;1
20254;1;4;3;3;3;3;3;3;2;3;3;1;3
20255;2;3;2;4;4;4;3;4;4;4;4;4;3
20256;1;2;3;3;4;3;3;4;3;4;3;4;4
20257;2;4;3;3;3;2;3;3;4;3;4;3;4
20258;1;4;3;4;4;4;1;3;3;3;2;3;2
20261;2;4;3;3;3;4;2;4;4;4;4;4;1
20262;2;3;3;4;3;4;3;3;3;3;3;4;3
20263;1;4;3;4;4;3;3;2;3;2;4;3;2
20264;2;4;2;4;4;4;3;4;2;3;3;3;3
20277;2;4;3;4;3;3;3;4;3;3;3;3;4
20284;2;2;3;4;4;4;2;4;4;4;3;1;2
20286;2;4;2;4;4;4;3;4;4;4;3;1;1
20290;2;4;1;4;4;3;4;4;4;3;4;4;4
20291;2;4;2;3;3;3;2;3;3;3;3;2;3
20294;1;4;3;3;3;3;3;3;3;3;3;2;2
20301;2;3;2;4;3;3;2;2;3;4;3;2;1
20305;2;4;2;4;4;4;3;3;3;4;2;2;2
20311;2;3;1;4;3;4;2;3;3;3;3;3;1
20313;2;4;2;3;3;3;3;3;3;3;3;3;3
20314;2;4;2;4;3;4;2;2;2;4;3;4;1
20319;2;4;3;4;3;4;2;3;4;4;4;4;2
20323;2;4;2;4;4;4;4;4;4;4;4;4;4
20325;2;4;2;4;4;4;1;4;4;4;2;2;2
20327;1;4;3;4;4;4;3;4;4;4;4;3;2
20328;2;3;1;4;4;4;4;3;4;3;3;2;2
20331;1;2;3;3;3;3;2;3;3;3;3;2;2
20333;2;4;1;4;4;4;3;4;4;3;3;3;3
20336;2;4;2;4;4;4;4;4;4;4;4;4;1
20341;2;4;3;4;3;4;3;4;4;4;4;4;2
20343;1;4;2;4;3;3;2;4;3;4;1;2;1
20346;2;3;2;4;2;3;3;3;3;4;2;4;1
20347;1;3;2;4;4;4;2;4;4;4;4;4;1
20348;2;3;2;4;4;4;4;4;4;4;1;1;1
20352;1;4;1;4;4;2;2;3;4;4;2;2;1
20357;1;4;3;4;4;4;3;4;4;3;4;2;2
20366;2;3;2;4;3;3;3;3;3;4;2;1;2
20368;2;3;3;4;4;3;2;2;2;4;2;4;1
20369;1;3;3;3;3;3;3;3;3;3;3;3;2
20374;2;4;3;4;3;3;2;3;4;4;2;3;2
20380;2;3;3;4;3;3;1;3;3;3;3;1;1
20386;1;3;3;4;4;4;4;3;4;4;3;4;3
20391;1;3;1;4;4;3;2;2;2;2;2;1;2
20393;1;3;3;3;3;3;3;3;3;3;3;2;2
20394;2;4;3;3;3;3;3;3;3;3;3;4;3
20405;1;4;3;4;4;3;3;3;3;4;2;2;2
20408;2;3;2;4;4;3;2;2;4;3;1;1;2
20410;2;4;3;4;4;4;4;4;4;4;2;1;2
20411;1;3;2;3;3;3;3;3;3;3;3;3;3
20412;2;3;2;4;4;4;4;4;4;4;4;2;2
20414;2;4;2;4;4;4;3;4;4;4;4;3;2
20417;2;3;3;4;4;4;3;3;3;3;3;2;3
20422;1;3;3;3;3;3;2;2;3;2;2;3;2
20424;2;3;3;4;4;4;2;3;3;3;3;2;3
20425;2;4;3;4;4;4;3;4;3;3;2;3;2
20431;2;3;2;3;3;3;3;3;3;3;3;3;3
20432;2;4;2;4;3;4;2;2;2;3;2;2;3
20434;2;3;1;4;3;3;3;3;3;4;2;1;3
20436;2;3;2;3;3;3;3;3;3;3;2;3;2
20437;1;3;2;4;3;3;3;3;3;3;3;1;1
20440;2;4;2;4;4;4;3;2;3;2;3;4;4
20444;2;4;2;4;3;3;4;4;3;3;3;2;1
20446;1;4;2;3;3;3;3;3;3;3;3;3;2
20454;2;3;2;4;4;4;3;4;4;4;4;3;4
20456;2;4;1;4;3;4;2;3;4;3;4;3;4
20457;1;4;2;4;4;4;3;4;3;3;4;2;3
20459;2;4;1;3;2;3;3;1;3;4;2;2;3
20460;2;3;2;3;3;3;3;3;3;3;3;2;2
20461;2;4;2;4;4;4;4;3;4;4;2;4;4
20464;2;4;3;4;4;4;4;4;3;3;4;3;2
20465;2;3;3;4;4;3;3;3;2;2;2;3;2
20473;2;4;1;4;4;3;3;3;3;4;3;3;2
20477;1;4;2;3;3;3;3;3;3;3;3;3;3
20481;1;4;2;3;3;3;3;3;2;3;4;2;2
20484;1;4;2;3;3;3;3;3;3;3;3;3;3
20493;1;3;3;4;3;4;3;3;3;3;3;4;4
20495;1;3;3;4;3;3;4;4;4;3;4;4;3
20496;1;4;3;3;4;4;4;4;2;4;4;1;1
20497;1;4;3;4;3;4;4;4;4;4;3;4;3
