"country","iso3c","iso2c.x","capital","long","lat","regionID","region","adminID","admin","incomeID","income","lendingID","lending","NY.GDP.PCAP.CD","NY.GDP.PCAP.KD.ZG","X5.13.01.01.hlthsurv","X5.51.01.06.matern","DT.NFL.IFAD.CD","DT.NFL.UNAI.CD","DT.NFL.UNCF.CD","DT.NFL.UNDP.CD","DT.NFL.UNFP.CD","NV.SRV.TETC.CD","NV.SRV.TETC.CN","NV.SRV.TETC.KD","NV.SRV.TETC.KD.ZG","NV.SRV.TETC.KN","NV.SRV.TETC.ZS","SE.XPD.TOTL.GB.ZS","SH.XPD.EXTR.ZS","SH.XPD.OOPC.TO.ZS","SH.XPD.OOPC.ZS","SH.XPD.PCAP","SH.XPD.PCAP.PP.KD","SH.XPD.PRIV.ZS","SH.XPD.PUBL","SH.XPD.PUBL.GX.ZS","SH.XPD.PUBL.ZS","SH.XPD.TOTL.ZS","EN.ATM.PM25.MC.M3"
"Afghanistan","AFG","AF","Kabul",69.1761,34.5228,"SAS","South Asia","SAS","South Asia","LIC","Low income","IDX","IDA",569.940728793286,5.50583822732263,1,1,3380000,NA,39340000,13240000,5820000,7830845730.43055,358650385200,7830845730.43055,18.1141704358064,180702368900,51.046119264397,22.240140914917,25.54378668,68.69883609,99.62761787,52.8857608,153.44620572,6.34234622663813,31.04438552,14.40415287,2.85537650336187,9.19772273,21.3582152321715
"Albania","ALB","AL","Tirane",19.8172,41.3317,"ECS","Europe & Central Asia","ECA","Europe & Central Asia (excluding high income)","UMC","Upper middle income","IBD","IBRD",4094.35883191918,4.22616090713089,1,1,1970000,80000,750000,750000,560000,5250899091.17499,545759548300,5250899091.17499,2.00507681402802,258978577100,50.651264579594,NA,2.09872173,53.4075251,99.67965983,219.27385748,497.92833308,2.85846698034215,46.42083932,8.46326188,2.47656802965785,5.33503501,18.6055774537184
"Algeria","DZA","DZ","Algiers",3.05097,36.7397,"MEA","Middle East & North Africa","MNA","Middle East & North Africa (excluding high income)","UMC","Upper middle income","IBD","IBRD",4473.48644568115,1.77625878496099,0.5,1,NA,150000,1090000,680000,210000,56105025139.1391,4173428400000,56105025139.1391,6.75984200900217,158261093045.823,37.1173486778175,NA,0.02819294,28.88244202,96.98237891,228.91595202,644.2558833,1.5239461539134,70.21887652,9.64613475,3.5932085260866,5.11715468,19.1542918815025
"Andorra","AND","AD","Andorra la Vella",1.5218,42.5075,"ECS","Europe & Central Asia",NA,NA,"HIC","High income","LNX","Not classified",39639.386021211,-4.16509318500466,NA,NA,NA,NA,NA,NA,NA,2602441086.45452,1964960000,2602441086.45452,NA,NA,77.7703018261551,NA,0,15.94008813,72.56210088,3173.99169088,3325.19712837,1.75723982309386,78.03248812,24.04150838,6.24202669690614,7.99926652,10.0049663984419
"Angola","AGO","AO","Luanda",13.242,-8.81155,"SSF","Sub-Saharan Africa ","SSA","Sub-Saharan Africa (excluding high income)","UMC","Upper middle income","IBD","IBRD",3886.47935432524,-0.00281210036590096,0.5,0.33333,-180000,7e+05,8290000,2200000,1760000,NA,NA,NA,NA,NA,NA,8.68476009368896,2.35022385,27.75425643,70.77174594,131.79621085,215.70576571,1.32989142638432,60.78342274,5.43233059,2.06125466361568,3.39114609,13.3540856471237
"Antigua and Barbuda","ATG","AG","Saint John's",-61.8456,17.1175,"LCN","Latin America & Caribbean ",NA,NA,"HIC","High income","IBD","IBRD",13017.3103875487,-8.13614288403357,0,1,NA,NA,NA,NA,NA,768605777.777778,2075235600,768605777.777778,-3.72356139494281,1874216800,78.9636427976211,NA,0,23.09668073,74.92936796,732.68117568,1134.21937089,1.73496725799743,69.1753963,16.35557274,3.89354714200257,5.6285144,13.7323978643157
"Argentina","ARG","AR","Buenos Aires",-58.4173,-34.6118,"LCN","Latin America & Caribbean ","LAC","Latin America & Caribbean (excluding high income)","UMC","Upper middle income","IBD","IBRD",10332.0323662966,9.21789374020754,0,1,7260000,520000,770000,830000,760000,220513604752.241,864986666001.14,220513604752.241,7.50468812077732,331544360582.732,61.6556918599675,15.570460319519,0.42575724,21.99958497,60.37721456,738.48082303,1284.83146837,2.38667381514721,63.56310053,14.07339845,4.16348234485279,6.55015616,9.52100126280687
"Armenia","ARM","AM","Yerevan",44.509,40.1596,"ECS","Europe & Central Asia","ECA","Europe & Central Asia (excluding high income)","LMC","Lower middle income","IBD","IBRD",3124.78401786195,2.29007820407587,1,1,2710000,320000,790000,1400000,5e+05,3601267728.32558,1345651500000,3601267728.32558,4.83382446510663,544119801100,43.8169219581976,12.4005098342896,7.54824146,55.87217495,96.57087699,143.06442355,290.90189878,2.63954895701121,42.14386708,6.96733436,1.92271406298879,4.56226302,21.2274831425145
"Aruba","ABW","AW","Oranjestad",-70.0167,12.5167,"LCN","Latin America & Caribbean ",NA,NA,"HIC","High income","LNX","Not classified",24289.1415161326,NA,NA,NA,NA,NA,NA,NA,NA,1849407821.22905,3310440000,1849407821.22905,NA,NA,83.1169483312285,22.1751308441162,NA,NA,NA,NA,NA,NA,NA,NA,NA,NA,NA
"Australia","AUS","AU","Canberra",149.129,-35.282,"EAS","East Asia & Pacific",NA,NA,"HIC","High income","LNX","Not classified",51845.6548605562,0.443578091499134,NA,NA,NA,NA,NA,NA,NA,749615960539.065,8.51039e+11,749615960539.065,2.16069361894111,9.37449e+11,70.6026753122636,14.3275995254517,NA,18.58387503,58.01326291,5324.51741475,3857.73005222,2.88793765660665,67.96616136,17.11436101,6.12733425339335,9.01527191,6.74630658845409
"Austria","AUT","AT","Vienna",16.3798,48.2201,"ECS","Europe & Central Asia",NA,NA,"HIC","High income","LNX","Not classified",46659.8408181344,1.68393662063365,NA,NA,NA,NA,NA,NA,NA,242774900662.252,183295050000,242774900662.252,1.49889059768735,183295050000,69.8768932603346,10.8587303161621,0,16.58055264,66.94749954,5049.56233972,4530.80687063,2.76524121345952,75.23349975,15.90639731,8.40000694654048,11.16524816,15.3720506305428
"Azerbaijan","AZE","AZ","Baku",49.8932,40.3834,"ECS","Europe & Central Asia","ECA","Europe & Central Asia (excluding high income)","UMC","Upper middle income","IBD","IBRD",5842.80578358576,3.61418749995566,1,1,3100000,130000,1230000,1360000,750000,14867447365.1426,11934100000,14867447365.1426,5.68857428314102,6097381000,30.011266075533,8.77910995483398,0.70642881,69.18461184,88.58384855,310.14890456,829.34077249,4.16557937651887,21.89929319,4.21557212,1.16802072348113,5.3336001,21.5113831165846
"Bahamas, The","BHS","BS","Nassau",-77.339,25.0661,"LCN","Latin America & Caribbean ",NA,NA,"HIC","High income","LNX","Not classified",21920.5165867583,-0.163711549513536,NA,NA,NA,NA,NA,NA,NA,5985769000,5985769000,5985769000,0.08023173694734,5811588000,81.4055746610815,NA,NA,28.85980312,53.98159992,1630.1376802,1668.11044631,3.97576872613167,46.53770329,17.63028862,3.46081550386833,7.43658423,10.9685084147857
"Bahrain","BHR","BH","Manama",50.5354,26.1921,"MEA","Middle East & North Africa",NA,NA,"HIC","High income","LNX","Not classified",20386.0175551116,-1.00465805385839,NA,NA,NA,NA,NA,NA,NA,14071941489.3617,5291050000,14071941489.3617,NA,5291060000,54.7263758780082,NA,0,17.62891613,61.40922107,741.5719713,1434.09444061,1.04427019938294,71.29272148,9.08452427,2.59337939061706,3.63764959,47.8563286905293
"Bangladesh","BGD","BD","Dhaka",90.4113,23.7055,"SAS","South Asia","SAS","South Asia","LMC","Lower middle income","IDX","IDA",760.331935200195,4.38046231457598,1,1,17700000,420000,24040000,19690000,6600000,61672342413.5593,4266696166900,61672342413.5593,5.528829339278,3177164607100,56.0450070322074,NA,8.03873405,60.97312512,92.77641532,23.13738001,73.57809255,2.01338693994566,34.27949882,8.26960239,1.05017299005434,3.06355993,45.6001222802756
"Barbados","BRB","BB","Bridgetown",-59.6105,13.0935,"LCN","Latin America & Caribbean ",NA,NA,"HIC","High income","LNX","Not classified",15901.4329353355,-0.120572405820013,NA,NA,NA,450000,NA,250000,NA,3194300000,6388600000,3194300000,NA,NA,71.8546845124283,15.5602397918701,2.18784461,28.19334292,80.55555556,980.95802595,927.31658221,2.15906262347821,65.00136742,9.71187047,4.00992874652179,6.16899137,16.1343856994283
"Belarus","BLR","BY","Minsk",27.5766,53.9678,"ECS","Europe & Central Asia","ECA","Europe & Central Asia (excluding high income)","UMC","Upper middle income","IBD","IBRD",5818.8548592158,7.93378366874254,1,1,NA,170000,860000,840000,440000,22769539131.9821,6.78193e+13,22769539131.9821,6.50091153944419,6208733239300,47.2255569358639,12.8646297454834,0.52192907,19.84725037,88.94288244,322.54246097,854.34902421,1.23939854583795,77.68539784,13.39529256,4.31480554416205,5.55420409,13.8037448338821
"Belgium","BEL","BE","Brussels",4.36761,50.8371,"ECS","Europe & Central Asia",NA,NA,"HIC","High income","LNX","Not classified",44382.8797683492,1.7608382930535,NA,NA,NA,NA,NA,NA,NA,328572185430.464,2.48072e+11,328572185430.464,1.82664979616236,2.48072e+11,75.9712617981588,12.2237396240234,NA,17.92776152,80.3226823,4419.44425532,3906.65289211,2.26893794396336,77.68032515,15.00193431,7.89670272603664,10.16564067,19.0689425194315
"Belize","BLZ","BZ","Belmopan",-88.7713,17.2534,"LCN","Latin America & Caribbean ","LAC","Latin America & Caribbean (excluding high income)","UMC","Upper middle income","IBD","IBRD",4344.13666906088,0.852452817388439,1,1,290000,10000,1110000,610000,NA,790834100,1581668200,790834100,3.69462443253714,1313376100,65.1132726958507,23.0520801544189,5.0200109,23.64547143,69.54977837,253.95162915,451.15031293,1.98746619374313,66.00208946,13.11900024,3.85838186625688,5.84584806,6.71753931800767
"Benin","BEN","BJ","Porto-Novo",2.6323,6.4779,"SSF","Sub-Saharan Africa ","SSA","Sub-Saharan Africa (excluding high income)","LIC","Low income","IDX","IDA",732.953622726674,-0.769714149511231,1,1,1650000,470000,6390000,5e+06,2e+06,3007206068.52327,1.4894e+12,3007206068.52327,3.22432058959006,1.3446e+12,49.0176073720586,26.1439609527588,29.2930545,38.88892466,85.15922472,34.14297248,79.34247826,2.25967002825546,54.33386719,12.44315695,2.68857036174454,4.94824039,23.525750658052
"Bermuda","BMU","BM","Hamilton",-64.706,32.3293,"NAC","North America",NA,NA,"HIC","High income","LNX","Not classified",88207.3275597322,-1.32438480325234,NA,NA,NA,NA,NA,NA,NA,5074445000,5074445000,5074445000,-1.17917510659247,4556648000,91.4431560511626,12.9342403411865,NA,NA,NA,NA,NA,NA,NA,NA,NA,NA,NA
"Bhutan","BTN","BT","Thimphu",89.6177,27.5768,"SAS","South Asia","SAS","South Asia","LMC","Lower middle income","IDX","IDA",2201.29307778936,9.80477592638753,1,0.66667,4040000,NA,1010000,1450000,1e+06,578013506.598026,26430130000,578013506.598026,12.1335063713923,17044000300,37.9628922094726,12.7593002319336,10.51864152,11.48539009,94.74140435,113.8456025,328.6341034,0.626966632970624,87.87711649,11.02358727,4.54479495702938,5.17176159,27.9137473486932
"Bolivia","BOL","BO","La Paz",-66.1936,-13.9908,"LCN","Latin America & Caribbean ","LAC","Latin America & Caribbean (excluding high income)","LMC","Lower middle income","IDB","Blend",1981.16010525701,2.45277829268247,1,1,1e+05,90000,1390000,1540000,1700000,7919137771.317,55566214000,7919137771.317,5.01758634988163,14002962000,49.8564150466774,24.1277904510498,4.08727678,27.89887376,85.31039066,109.7640013,293.43969019,1.78001712450594,67.29721486,11.86824079,3.66299672549406,5.44301385,8.88541139936149
"Bosnia and Herzegovina","BIH","BA","Sarajevo",18.4214,43.8607,"ECS","Europe & Central Asia","ECA","Europe & Central Asia (excluding high income)","UMC","Upper middle income","IBD","IBRD",4475.08813004565,0.832255718321974,1,1,2930000,120000,8e+05,510000,560000,9080365655.47129,13409884000,9080365655.47129,1.16407494827884,13409884000,64.45261139632,NA,1.35930008,28.29815629,97.17114569,428.64731846,855.83636951,2.78939477795709,70.87802547,13.6688533,6.78892133204291,9.57831611,14.4736090878938
"Botswana","BWA","BW","Gaborone",25.9201,-24.6544,"SSF","Sub-Saharan Africa ","SSA","Sub-Saharan Africa (excluding high income)","UMC","Upper middle income","IBD","IBRD",6244.00257387272,6.41025768612253,1,0.33333,NA,650000,790000,1170000,1430000,7033775149.15337,47784654853.2883,7033775149.15337,8.74299623727357,37208296723.2716,61.5598743547049,NA,7.90423058,4.4386057,11.93671855,378.78103239,779.77471709,2.09819038461219,62.81552856,8.61620298,3.54446178538781,5.64265217,8.38525491462917
"Brazil","BRA","BR","Brasilia",-47.9292,-15.7801,"LCN","Latin America & Caribbean ","LAC","Latin America & Caribbean (excluding high income)","UMC","Upper middle income","IBD","IBRD",11121.4209541496,6.49315691092234,1,1,2660000,630000,960000,1380000,1550000,1272595497953.62,2.23875e+12,1272595497953.62,5.86998112666495,1016286768700,67.7825544735578,14.5599098205566,0.26896918,27.31798658,50.39864099,919.66852266,1167.12589057,4.48122958718842,45.79618409,9.89642313,3.78613962281158,8.26736921,14.2354639866491
"Brunei Darussalam","BRN","BN","Bandar Seri Begawan",114.946,4.94199,"EAS","East Asia & Pacific",NA,NA,"HIC","High income","LNX","Not classified",31453.2243965354,0.975860089715269,NA,NA,NA,NA,NA,NA,NA,4016360836.08361,5476308000,4016360836.08361,3.83370221137656,5488961000,32.4669427624459,5.29154014587402,0,7.63047974,97.8260856,859.66173542,1926.5058703,0.213192152939561,92.19995394,6.28589947,2.52002443706044,2.73321659,9.21925046772157
"Bulgaria","BGR","BG","Sofia",23.3238,42.7105,"ECS","Europe & Central Asia","ECA","Europe & Central Asia (excluding high income)","UMC","Upper middle income","IBD","IBRD",6752.55217774882,0.715365151004917,0.5,1,NA,NA,NA,NA,NA,29255714769.1891,43222393000,29255714769.1891,3.99969248342683,43222393000,67.5508065060359,11.1634197235107,NA,42.8835946,96.77284117,488.21206822,1088.29716005,3.21033043032655,55.68633298,11.02347312,4.03423009967345,7.24456053,17.2378774554468
"Burkina Faso","BFA","BF","Ouagadougou",-1.53395,12.3605,"SSF","Sub-Saharan Africa ","SSA","Sub-Saharan Africa (excluding high income)","LIC","Low income","IDX","IDA",574.458089293656,5.21202708957829,1,1,2620000,6e+05,19130000,7430000,2890000,3394962818.78625,1.681447e+12,3394962818.78625,4.34244556061991,1555472599000,41.3804398597623,17.2507190704346,36.09956945,32.9135478,73.77347616,41.18892323,99.9191233,3.1988703930758,55.38566228,15.71920612,3.9711797669242,7.17005016,28.4173980053948
"Burundi","BDI","BI","Bujumbura",29.3639,-3.3784,"SSF","Sub-Saharan Africa ","SSA","Sub-Saharan Africa (excluding high income)","LIC","Low income","IDX","IDA",214.230990840075,0.239048651010449,1,0.66667,5220000,640000,10010000,13020000,2370000,793746360.080286,976901983300,793746360.080286,3.59999999112716,644521518800,42.847272846255,16.5880794525146,50.71550359,26.26002658,69.7471133,18.9457458,61.32775752,3.32101189553368,62.34965816,13.46501176,5.49965674446632,8.82066864,15.4837740289769
"Cabo Verde","CPV","CV","Praia",-23.5087,14.9218,"SSF","Sub-Saharan Africa ","SSA","Sub-Saharan Africa (excluding high income)","LMC","Lower middle income","IDB","Blend",3393.92749190379,0.700084646768488,1,0.66667,970000,NA,270000,870000,1180000,1229285167.45377,102348807900,1229285167.45377,3.31446783512368,96839873700,73.8615161268504,14.396240234375,5.54353097,26.01312481,89.79047118,163.97801653,282.65049137,1.39972865504089,71.02908085,8.66044729,3.43176684495911,4.8314955,37.286701641249
"Cambodia","KHM","KH","Phnom Penh",104.874,11.5556,"EAS","East Asia & Pacific","EAP","East Asia & Pacific (excluding high income)","LMC","Lower middle income","IDX","IDA",782.692789877004,4.34563436510584,1,1,3070000,660000,7690000,9480000,4180000,4306399658.94662,18021923849600,4306399658.94662,3.3064560765979,11857218921900,40.728463344014,13.0835800170898,16.13793276,60.27119108,79.51690298,46.59217577,146.5850061,4.51202978129178,24.20329663,7.2393903,1.44077499870822,5.95280478,17.3249708685924
"Cameroon","CMR","CM","Yaounde",11.5174,3.8721,"SSF","Sub-Saharan Africa ","SSA","Sub-Saharan Africa (excluding high income)","LMC","Lower middle income","IDB","Blend",1147.2423467852,0.680024809823891,1,1,3110000,540000,6400000,3870000,4100000,10214576893.3344,5.059045e+12,10214576893.3344,3.98822151183967,4202267127400,46.6890822719098,18.7539100646973,6.78875207,67.66474886,94.67168054,60.62989094,133.33019941,3.77723506438948,28.52693808,8.53335928,1.50760227561052,5.28483734,20.9684360424151
"Canada","CAN","CA","Ottawa",-75.6919,45.4215,"NAC","North America",NA,NA,"HIC","High income","LNX","Not classified",47445.7619347846,1.94157755861598,NA,NA,NA,NA,NA,NA,NA,1057068530382.45,1.088992e+12,1057068530382.45,2.36815563745331,1.088992e+12,70.0256505392143,12.2999601364136,NA,14.57521381,49.22275344,5347.69456998,4512.82442096,3.31673658813859,70.3892757,18.22610273,7.88439633962119,11.20113293,11.86908534549
"Central African Republic","CAF","CF","Bangui",21.6407,5.63056,"SSF","Sub-Saharan Africa ","SSA","Sub-Saharan Africa (excluding high income)","LIC","Low income","IDX","IDA",446.800204552837,1.11133846815996,1,0.66667,-9e+05,420000,5660000,4400000,2600000,589508497.265167,2.9197e+11,589508497.265167,5.39634179358201,134936086907.449,31.9922246523227,6.47537994384766,25.12177092,44.58543019,90.49100932,17.41374391,33.67421824,1.92028781662726,50.72943651,9.74336449,1.97714643337274,3.89743425,18.4506719124373
"Chad","TCD","TD","N'Djamena",15.0445,12.1048,"SSF","Sub-Saharan Africa ","SSA","Sub-Saharan Africa (excluding high income)","LIC","Low income","IDX","IDA",895.877995851542,9.86723778135605,1,1,3480000,630000,15510000,7890000,3910000,3561037405.69397,1.7637e+12,3561037405.69397,11.505066733951,1.803057e+12,34.3306327308398,8.11929035186768,8.80116411,51.35157166,85.85906015,26.41741253,55.57835729,1.76363620516282,40.19085281,4.85507268,1.18513716483718,2.94877337,29.7510992833831
"Chile","CHL","CL","Santiago",-70.6475,-33.475,"LCN","Latin America & Caribbean ",NA,NA,"HIC","High income","IBD","IBRD",12785.0518749485,4.60331193442893,1,1,NA,350000,970000,950000,180000,114094130790.913,58216438960758.6,114094130790.913,7.16576435842735,53371229101556.2,56.9855961931596,17.5139408111572,0.01500957,33.66343209,63.85618049,891.1223738,1272.46246986,3.67368030886575,47.28242148,13.80161645,3.29492563183112,6.96860594,18.8491675809875
"China","CHN","CN","Beijing",116.286,40.0495,"EAS","East Asia & Pacific","EAP","East Asia & Pacific (excluding high income)","UMC","Upper middle income","IBD","IBRD",4514.94052013381,10.0986898480121,0,1,13710000,1350000,1.1e+07,6260000,3440000,2669651270992.42,1.807434e+13,2669651270992.42,9.6843840719725,11509542690000,44.2020234627772,NA,0.11568543,35.29105288,77.24190587,220.07939757,450.33823673,2.23251969185811,54.31100194,10.23713459,2.65382009814189,4.88633979,54.1509101678887
"Colombia","COL","CO","Bogota",-74.082,4.60987,"LCN","Latin America & Caribbean ","LAC","Latin America & Caribbean (excluding high income)","UMC","Upper middle income","IBD","IBRD",6250.65449979147,2.83552442692161,1,0.66667,980000,170000,850000,920000,1830000,152335210676.501,2.89219e+14,152335210676.501,4.24962318058087,2.317e+14,57.9440431947269,16.4185791015625,0.10966649,17.76488265,67.3710891,422.38951589,721.70375787,1.78187160178331,73.63129662,18.10473843,4.97565293821669,6.75752454,11.6816999662487
"Comoros","COM","KM","Moroni",43.2418,-11.6986,"SSF","Sub-Saharan Africa ","SSA","Sub-Saharan Africa (excluding high income)","LIC","Low income","IDX","IDA",739.897790576235,-0.264694913310436,1,0.33333,790000,NA,1070000,1460000,810000,244474476.253035,9.0812e+10,244474476.253035,2.78434169115351,40156731200,47.2905275217414,NA,14.22154006,35.98790177,47.96419432,44.22559193,79.5724738,4.37039462158108,24.96923533,6.15457298,1.45440889841892,5.82480352,6.64817850661853
"Congo, Dem. Rep.","COD","CD","Kinshasa",15.3222,-4.325,"SSF","Sub-Saharan Africa ","SSA","Sub-Saharan Africa (excluding high income)","LIC","Low income","IDX","IDA",311.247895988429,3.67903579826728,1,0.33333,3170000,NA,57670000,15510000,7270000,8285551626.12674,7505992244500,8285551626.12674,7.83029999772704,3526899931700,42.2819877206853,8.97644996643066,44.70552492,37.10815864,50.33832339,12.58368712,23.62151268,2.98038363736395,26.28248989,7.81443346,1.06259561263605,4.04297925,16.1899906115726
"Congo, Rep.","COG","CG","Brazzaville",15.2662,-4.2767,"SSF","Sub-Saharan Africa ","SSA","Sub-Saharan Africa (excluding high income)","LMC","Lower middle income","IDB","Blend",2953.18500787675,5.66804650777692,1,0.33333,2890000,1720000,5590000,1650000,2290000,2496726811.66297,1236571365100,2496726811.66297,6.53451810948545,604503470100,20.7924020634173,29.0184307098389,5.12386038,37.24161296,94.22073302,67.71205555,125.69650517,0.906269478231682,60.47407851,6.46768627,1.38657897176832,2.29284845,14.1383002841659
"Costa Rica","CRI","CR","San Jose",-84.0089,9.63701,"LCN","Latin America & Caribbean ","LAC","Latin America & Caribbean (excluding high income)","UMC","Upper middle income","IBD","IBRD",7985.95103532732,3.63786368867795,0,1,-340000,60000,790000,970000,680000,22077445079.3228,11608965300000,22077445079.3228,5.89161857147111,1172960400000,66.6644085267806,22.8808898925781,0.66728286,24.02714885,90.46963794,771.24097407,1197.81235066,2.56485522908651,73.44175417,28.9922897,7.09261705091349,9.65747228,8.98353061780843
"Cote d'Ivoire","CIV","CI","Yamoussoukro",-4.0305,5.332,"SSF","Sub-Saharan Africa ","SSA","Sub-Saharan Africa (excluding high income)","LMC","Lower middle income","IDX","IDA",1236.08519806872,-0.246515008416736,1,1,2290000,720000,9570000,7150000,5110000,13204291739.7739,6.539782e+12,13204291739.7739,7.2164394677053,6.606677e+12,53.0623041183157,NA,10.20020837,56.47706075,76.84539763,78.1680569,168.91862407,4.64766848213136,26.50560412,8.22452331,1.67617216786863,6.32384065,18.5356332776207
"Croatia","HRV","HR","Zagreb",15.9614,45.8069,"ECS","Europe & Central Asia",NA,NA,"HIC","High income","IBD","IBRD",13509.1858157682,-1.44988352716038,0.5,1,NA,70000,390000,9e+05,NA,34732504584.6523,190910684700,34732504584.6523,-0.681463234282916,190910684700,68.0693743146631,9.08259010314941,0.01847999,13.75707378,95.92305963,1143.85123514,1606.62998462,1.18288891598673,85.65822042,15.26080521,7.06496421401327,8.24785313,15.0636802321092
"Cuba","CUB","CU","Havana",-82.3667,23.1333,"LCN","Latin America & Caribbean ","LAC","Latin America & Caribbean (excluding high income)","UMC","Upper middle income","LNX","Not classified",5688.66673216525,2.29153234670501,NA,NA,NA,1e+05,850000,640000,7e+05,39667050300,39667050300,39667050300,0.728807573837727,34532511500,74.490265181421,NA,0.04574705,4.81106469,100,583.37188201,1852.1536817,0.49045349015447,95.18893531,13.8676483,9.70382826984553,10.19428176,8.4139424623997
"Cyprus","CYP","CY","Nicosia",33.3736,35.1676,"ECS","Europe & Central Asia",NA,NA,"HIC","High income","LNX","Not classified",30438.9001948061,-1.25239187042257,NA,NA,NA,NA,NA,NA,NA,18629169031.5921,14065860000,18629169031.5921,2.62847633933386,12186680000,81.0964328399428,15.6823396682739,NA,45.36701124,86.89374441,2038.20278592,2270.02064689,3.77683557438295,47.35034277,7.41931831,3.42530736541286,7.2339653,17.5303153982067
"Czech Republic","CZE","CZ","Prague",14.4205,50.0878,"ECS","Europe & Central Asia",NA,NA,"HIC","High income","LNX","Not classified",19763.9637984737,1.9974747793845,NA,NA,NA,NA,NA,NA,NA,115444358921.998,2.204791e+12,115444358921.998,1.73895508572261,2.204791e+12,61.5370252163839,9.48042964935303,NA,14.86045211,91.50359054,1410.03658939,1929.9186415,1.20696223039958,83.75970601,14.23114675,6.22493666960043,7.4318989,16.6296099305473
"Denmark","DNK","DK","Copenhagen",12.5681,55.6763,"ECS","Europe & Central Asia",NA,NA,"HIC","High income","LNX","Not classified",57647.668762065,1.1747180750332,NA,NA,NA,NA,NA,NA,NA,209029533614.267,1.175603e+12,209029533614.267,1.85982958710311,1.175603e+12,75.8225591531836,15.1033401489258,0,13.19381069,88.71957526,6266.80800969,4544.76453372,1.64802042694703,85.12863632,16.33999471,9.43381754305297,11.08183797,10.6185169579153
"Djibouti","DJI","DJ","Djibouti",43.1425,11.5806,"MEA","Middle East & North Africa","MNA","Middle East & North Africa (excluding high income)","LMC","Lower middle income","IDX","IDA",1358.46050004911,2.15347407948276,0,0.66667,720000,290000,910000,1150000,740000,NA,NA,NA,NA,NA,NA,12.3283996582031,19.22013723,41.42870297,99.22466925,120.10781217,231.78790001,3.6915257410394,58.24757766,14.13973888,5.14993909896059,8.84146484,24.1518758208186
"Dominica","DMA","DM","Roseau",-61.39,15.2976,"LCN","Latin America & Caribbean ","LAC","Latin America & Caribbean (excluding high income)","UMC","Upper middle income","IDB","Blend",6937.2560836301,0.431220952375483,0,1,-220000,NA,NA,110000,NA,292678777.777778,790232700,292678777.777778,1.79109992567747,723415300,71.8905616565695,NA,2.41246955,26.27081073,89.83869956,396.19965137,581.42082934,1.67258610078651,70.75780163,10.59142745,4.04718256921349,5.71976867,14.8382836691512
"Dominican Republic","DOM","DO","Santo Domingo",-69.8908,18.479,"LCN","Latin America & Caribbean ","LAC","Latin America & Caribbean (excluding high income)","UMC","Upper middle income","IBD","IBRD",5441.96574880243,6.87702182391772,1,1,-1330000,380000,850000,1280000,1560000,32623593313.1179,1198512521700,32623593313.1179,8.21443028810229,961451153700,65.3579163890405,NA,5.53173995,33.24376297,75.09114053,217.70644418,446.10696774,1.79850483259152,55.7287814,12.18682821,2.26396484740848,4.06246968,11.1137041862043
"Ecuador","ECU","EC","Quito",-78.5243,-0.229498,"LCN","Latin America & Caribbean ","LAC","Latin America & Caribbean (excluding high income)","UMC","Upper middle income","IBD","IBRD",4657.30173745799,1.83820701411108,1,0.66667,-140000,140000,730000,870000,1100000,35577019000,35577019000,35577019000,4.53799975988349,30005264000,53.4997111254738,11.7518301010132,1.84867748,47.46501325,81.37282476,274.8808741,540.82320613,3.44274107561792,41.66969945,7.09136509,2.45940762438208,5.9021487,10.9568376298728
"Egypt, Arab Rep.","EGY","EG","Cairo",31.2461,30.0982,"MEA","Middle East & North Africa","MNA","Middle East & North Africa (excluding high income)","LMC","Lower middle income","IBD","IBRD",2668.03598826159,3.09051298587657,1,1,-5510000,450000,3840000,2340000,2640000,101198026268.05,5.57844e+11,101198026268.05,6.41201410094649,800099553200,48.4833167273544,NA,0.58916638,58.37960397,95.75865924,125.50239757,474.81048105,2.92466537504344,39.03464769,5.60240095,1.87259284495657,4.79725822,34.9914911361153
"El Salvador","SLV","SV","San Salvador",-89.2073,13.7034,"LCN","Latin America & Caribbean ","LAC","Latin America & Caribbean (excluding high income)","LMC","Lower middle income","IBD","IBRD",3547.07098315322,1.08044618822245,1,0.66667,310000,2e+05,770000,8e+05,1420000,11942900000,11942900000,11942900000,1.15834287813628,4680900000,60.527996269867,16.1642208099365,1.89796248,33.60515765,88.58250059,245.19046574,504.73569543,2.62235631016887,62.06343529,13.50724583,4.29012068983113,6.912477,12.4997123729539
"Equatorial Guinea","GNQ","GQ","Malabo",8.7741,3.7523,"SSF","Sub-Saharan Africa ","SSA","Sub-Saharan Africa (excluding high income)","UMC","Upper middle income","IBD","IBRD",17441.0925450303,-6.66984582246452,0,0.33333,-4e+05,NA,470000,630000,1060000,NA,NA,NA,NA,NA,NA,NA,2.77479912,17.63448746,86.5732072,609.26671932,1237.30323034,0.782022727613707,79.63054849,6.95716349,3.05717111238629,3.83919384,10.0646353982165
"Eritrea","ERI","ER","Asmara",38.9183,15.3315,"SSF","Sub-Saharan Africa ","SSA","Sub-Saharan Africa (excluding high income)","LIC","Low income","IDX","IDA",451.426693297243,0.0997132807442114,0,0.33333,3730000,350000,2910000,7100000,2440000,NA,NA,NA,NA,NA,NA,NA,33.99177962,56.02705854,100,14.62766471,42.10113652,1.81545540060192,43.97294146,3.5952381,1.42486355939808,3.24031896,24.1713457038812
"Estonia","EST","EE","Tallinn",24.7586,59.4392,"ECS","Europe & Central Asia",NA,NA,"HIC","High income","LNX","Not classified",14641.4031443742,2.69671450498072,NA,NA,NA,NA,NA,NA,NA,11740490066.2252,8864070000,11740490066.2252,0.912577656191843,8864070000,68.8403017020444,13.6817998886108,0.89877122,18.56931869,91.69287495,902.6732824,1300.06840081,1.26548133469457,78.85291743,12.31235082,4.92734680044662,6.24878186,9.49771272219611
"Ethiopia","ETH","ET","Addis Ababa",38.7468,9.02274,"SSF","Sub-Saharan Africa ","SSA","Sub-Saharan Africa (excluding high income)","LIC","Low income","IDX","IDA",341.85895616943,9.6459372593277,1,0.66667,13370000,1600000,42740000,17110000,5040000,12498876340.0822,161123014900,12498876340.0822,16.7373995227395,188843547500,45.0738517717141,26.3040409088135,50.14922016,33.69938129,73.5291738,20.98433993,72.30531157,3.14467379479564,54.16869313,19.83680575,3.71673603520435,6.86140983,17.0444867103951
"Fiji","FJI","FJ","Suva",178.399,-18.1149,"EAS","East Asia & Pacific","EAP","East Asia & Pacific (excluding high income)","UMC","Upper middle income","IBD","IBRD",3651.9582906354,1.9851691099154,0,1,NA,580000,NA,2670000,NA,1805415680.55049,3463328900,1805415680.55049,2.90066178067848,3293166100,68.5666754325215,NA,8.66878426,19.65788171,65.82095438,154.40033533,294.21371269,1.26269037417961,70.13431074,10.70323524,2.96520593582039,4.22789631,7.49530172772079
"Finland","FIN","FI","Helsinki",24.9525,60.1608,"ECS","Europe & Central Asia",NA,NA,"HIC","High income","LNX","Not classified",46205.1660111855,2.52222936565005,NA,NA,NA,NA,NA,NA,NA,145839735099.338,1.10109e+11,145839735099.338,1.17243850670292,1.10109e+11,67.2955628896223,11.9422197341919,0.00739933,19.31358697,75.73931828,4001.32569162,3316.64056492,2.30658976966446,74.49991972,12.07930216,6.73883183033554,9.0454216,7.41298792398448
"France","FRA","FR","Paris",2.35097,48.8566,"ECS","Europe & Central Asia",NA,NA,"HIC","High income","LNX","Not classified",40705.7662299421,1.46315113884789,NA,NA,NA,NA,NA,NA,NA,1875315231788.08,1.415863e+12,1875315231788.08,2.18388672657319,1.415863e+12,78.6161660693999,10.0691499710083,NA,7.45241265,33.13840694,4583.68860701,4039.00624517,2.518114377666,77.51125259,15.37649652,8.6791049579326,11.19721933,15.0403295961388
"Gabon","GAB","GA","Libreville",9.45162,0.38832,"SSF","Sub-Saharan Africa ","SSA","Sub-Saharan Africa (excluding high income)","UMC","Upper middle income","IBD","IBRD",9312.04946268888,4.69325228465993,0.5,0.33333,3e+05,480000,7e+05,850000,1220000,4657030430.04218,2306520060300,4657030430.04218,6.49580046881522,1894121674500,35.430989195485,NA,0.84257749,18.38930102,67.36411921,319.73593759,538.24044945,0.929702902869826,71.67154303,10.65750424,2.4409245497693,3.4057095,9.75584011420702
"Gambia, The","GMB","GM","Banjul",-16.5885,13.4495,"SSF","Sub-Saharan Africa ","SSA","Sub-Saharan Africa (excluding high income)","LIC","Low income","IDX","IDA",562.568166142471,3.12044159156785,1,0.66667,2130000,210000,1480000,2980000,1310000,475650328.430673,13323917000,475650328.430673,4.86094071391545,12945438400,54.7621391627158,17.6112308502197,34.47313198,20.94051996,51.96230619,32.33065903,93.24221061,2.31742375354579,59.700557,14.54806029,3.43308687645421,5.75051063,33.523984881019
"Georgia","GEO","GE","Tbilisi",44.793,41.71,"ECS","Europe & Central Asia","ECA","Europe & Central Asia (excluding high income)","UMC","Upper middle income","IBD","IBRD",2964.47704802208,7.66035350871451,1,1,6620000,90000,850000,1710000,720000,7012096448.40936,12497659500,7012096448.40936,7.46672206202767,5509068400,69.3760333413714,NA,2.90923242,69.11270983,89.50310559,274.8616084,612.69712539,7.76165453658051,22.78177458,6.55262795,2.28992913341949,10.05158367,17.2542585297776
"Germany","DEU","DE","Berlin",13.4115,52.5235,"ECS","Europe & Central Asia",NA,NA,"HIC","High income","LNX","Not classified",41788.0447853084,4.23950434523579,NA,NA,NA,NA,NA,NA,NA,2125447682119.21,1.604713e+12,2125447682119.21,0.746534120032649,1.604713e+12,69.1181658228148,10.4470300674438,NA,13.75453415,57.83626409,4700.08584063,4455.61967469,2.67582924388834,76.218149,18.14760105,8.57573079611166,11.25156004,15.9908654739448
"Ghana","GHA","GH","Accra",-0.20795,5.57045,"SSF","Sub-Saharan Africa ","SSA","Sub-Saharan Africa (excluding high income)","LMC","Lower middle income","IDX","IDA",1323.09914056856,5.2172146104472,1,1,8260000,8e+05,9660000,6690000,4140000,14445823480.0839,20671973400,14445823480.0839,9.96596349248333,10917697200,49.3646626963086,21.2442207336426,17.7182862,18.44279866,65.36482375,70.57961572,161.18140405,1.50514442218055,71.78482615,14.92779308,3.82937674781945,5.33452117,23.0247065256645
"Greece","GRC","GR","Athens",23.7166,37.9792,"ECS","Europe & Central Asia",NA,NA,"HIC","High income","LNX","Not classified",26919.3616367757,-5.600777666962,NA,NA,NA,NA,NA,NA,NA,214396854039.735,161869624800,214396854039.735,-4.37249675621476,161869624800,81.0792495291075,NA,NA,29.36366091,90.96293041,2458.728117,2645.40176711,2.96495871939203,67.68038597,11.84871013,6.21635374776093,9.18486746,17.1011556154635
"Grenada","GRD","GD","Saint George's",-61.7449,12.0653,"LCN","Latin America & Caribbean ","LAC","Latin America & Caribbean (excluding high income)","UMC","Upper middle income","IDB","Blend",7365.6666592364,-0.871481496966368,0,1,-330000,NA,NA,160000,NA,517446592.592593,1397105800,517446592.592593,-1.84767782637164,1261015100,77.7347656961147,NA,5.24794953,49.94848422,96.79152508,471.94713123,701.66096639,3.30607457309119,48.39580823,10.97839396,3.10052624690881,6.40660082,14.260147545997
"Guatemala","GTM","GT","Guatemala City",-90.5328,14.6248,"LCN","Latin America & Caribbean ","LAC","Latin America & Caribbean (excluding high income)","LMC","Lower middle income","IBD","IBRD",2805.95141622266,0.675359259994153,1,0.66667,560000,630000,890000,770000,1540000,22995344480.695,185291886756.544,22995344480.695,3.99836670264231,110091594889.654,59.3463612081926,19.2969207763672,1.98308718,54.60699936,85.0365521,186.27121375,433.67265898,4.26292035317589,35.78408577,15.68842497,2.37549693682411,6.63841729,12.4073296456762
"Guinea","GIN","GN","Conakry",-13.7,9.51667,"SSF","Sub-Saharan Africa ","SSA","Sub-Saharan Africa (excluding high income)","LIC","Low income","IDX","IDA",430.0564738591,-0.809590513052854,1,1,510000,560000,7220000,5340000,2370000,1442053128.69854,8257298600700,1442053128.69854,1.33960370383741,3036162126200,33.1527225979974,12.4383201599121,36.44558359,49.03405113,87.94165738,19.55526596,52.15954757,2.53537002193465,44.24252102,6.77798484,2.01176888806535,4.54713891,24.1551575271117
"Guinea-Bissau","GNB","GW","Bissau",-15.1804,11.8037,"SSF","Sub-Saharan Africa ","SSA","Sub-Saharan Africa (excluding high income)","LIC","Low income","IDX","IDA",518.598360839748,2.04430437410643,1,0.66667,7e+05,NA,2610000,3880000,1490000,324709188.991257,1.60821e+11,324709188.991257,6.02488113072364,1.46502e+11,39.9545352910487,9.96158981323242,32.06818173,42.44054548,58.62855121,34.73659589,87.1559848,4.84876351898282,27.6111304,9.07834844,1.84945341101718,6.69821693,29.5144934311195
"Guyana","GUY","GY","Georgetown",-58.1548,6.80461,"LCN","Latin America & Caribbean ","LAC","Latin America & Caribbean (excluding high income)","UMC","Upper middle income","IDX","IDA",2998.94127424089,4.00886405738122,1,1,180000,650000,790000,9e+05,NA,1160463926.28408,2.36312e+11,1160463926.28408,7.20738994572665,1.95557e+11,58.9421383710547,11.9724397659302,24.96479228,29.96087296,92.34206344,198.01837841,205.10362386,2.14236023286974,67.55446885,14.71599512,4.46058370713026,6.60294394,7.40723955539003
"Haiti","HTI","HT","Port-au-Prince",-72.3288,18.5392,"LCN","Latin America & Caribbean ","LAC","Latin America & Caribbean (excluding high income)","LIC","Low income","IDX","IDA",662.279518162433,-6.88385260184661,0.5,0.66667,6040000,960000,2320000,10540000,6610000,NA,NA,NA,-7.95777507105157,6.801e+09,NA,NA,32.73718191,33.51938467,40.59321931,54.29907255,119.1245983,6.68405257782463,17.4261484,5.48087477,1.41058325217537,8.09463583,12.6908390803959
"Honduras","HND","HN","Tegucigalpa",-87.4667,15.1333,"LCN","Latin America & Caribbean ","LAC","Latin America & Caribbean (excluding high income)","LMC","Lower middle income","IDX","IDA",2110.8220208871,2.0615581701378,1,0.66667,-2230000,660000,940000,2020000,1940000,8809315642.67985,166452900000,8809315642.67985,4.4978058584195,85012100000,59.9349926401327,NA,4.928312,47.23775465,94.25466364,178.38605372,359.09248949,4.23541208589804,49.8828463,15.62753324,4.21561071410196,8.4510228,9.10408351411951
"Hungary","HUN","HU","Budapest",19.0408,47.4984,"ECS","Europe & Central Asia",NA,NA,"HIC","High income","LNX","Not classified",13009.3453790731,0.971149046065165,0,1,NA,NA,NA,NA,NA,72926267192.4594,1.5164288e+13,72926267192.4594,0.570231880661282,1.5164288e+13,66.2742238417036,9.68474006652832,NA,26.42915829,75.91746385,1019.85168839,1690.34508385,2.73299073407569,65.18698472,10.45022015,5.11749481592431,7.85048555,17.8873412514517
"Iceland","ISL","IS","Reykjavik",-21.8952,64.1353,"ECS","Europe & Central Asia",NA,NA,"HIC","High income","LNX","Not classified",41620.0674537296,-3.4498297198936,NA,NA,NA,NA,NA,NA,NA,7872675135.67372,962369979400,7872675135.67372,-2.25826773005986,962369979400,67.5393021149846,14.6039600372314,NA,18.21138288,92.71497802,3690.42334685,3421.63945,1.73942434800862,80.35766899,14.40564569,7.11606407199138,8.85548842,6.9856215989478
"India","IND","IN","New Delhi",77.225,28.6353,"SAS","South Asia","SAS","South Asia","LMC","Lower middle income","IBD","IBRD",1387.88008401275,8.75496971272767,1,1,5500000,1100000,42160000,16530000,13300000,869300234389.472,39607231139300,869300234389.472,10.0069572312366,36138200464900,54.6392589325144,11.7427797317505,1.27177203,63.37101772,86.96277155,59.18429667,186.71595995,3.118664001079,27.1285671,4.2912175,1.161015808921,4.27967981,43.4021549391806
"Indonesia","IDN","ID","Jakarta",106.83,-6.19752,"EAS","East Asia & Pacific","EAP","East Asia & Pacific (excluding high income)","LMC","Lower middle income","IBD","IBRD",3125.21993359966,4.83987080287187,1,1,6850000,970000,6910000,5520000,6270000,307066516814.493,2.7913677e+15,307066516814.493,8.41445195583992,2.7913677e+15,40.6659902908933,16.6541805267334,1.18067638,47.20577732,75.76148623,85.65213133,227.31310597,1.70767125979386,37.69159019,6.11740868,1.03300414020614,2.7406754,12.1492150305936
"Iran, Islamic Rep.","IRN","IR","Tehran",51.4447,35.6878,"MEA","Middle East & North Africa","MNA","Middle East & North Africa (excluding high income)","UMC","Upper middle income","IBD","IBRD",6299.91873790671,5.31086062880863,0,1,NA,150000,1390000,770000,1470000,239102720265.874,2451801495236400,239102720265.874,6.71935322151896,1061505850807800,51.7106470668441,18.804349899292,0.01326777,57.73715889,86.79404358,455.44662392,1335.15092184,5.33456760917576,33.47797094,12.65274276,2.68468208082424,8.01924969,31.893552990511
"Iraq","IRQ","IQ","Baghdad",44.394,33.3302,"MEA","Middle East & North Africa","MNA","Middle East & North Africa (excluding high income)","UMC","Upper middle income","IBD","IBRD",4487.36628937513,3.3088056060792,0.5,0.66667,3e+05,NA,2950000,970000,2240000,54082775726.4957,63276847600000,54082775726.4957,8.02244646789802,45792958900000,NA,NA,1.55358267,26.10198625,100,144.97832897,391.48417883,0.997217757974795,73.89801375,4.81591164,2.82324919202521,3.82046695,35.6461583779226
"Ireland","IRL","IE","Dublin",-6.26749,53.3441,"ECS","Europe & Central Asia",NA,NA,"HIC","High income","LNX","Not classified",48260.6653583236,-0.146954827853023,NA,NA,NA,NA,NA,NA,NA,144886209536.424,109389088200,144886209536.424,0.557807143406691,109389088200,72.2545018088813,9.29551029205322,NA,18.22269836,60.0379831,4238.21621984,3795.75328145,2.65912360364157,69.6434705,9.29384899,6.10143990118165,8.76096475,8.39260444146688
"Israel","ISR","IL",NA,35.2035,31.7717,"MEA","Middle East & North Africa",NA,NA,"HIC","High income","LNX","Not classified",30736.3638939294,3.60698710301179,NA,NA,NA,NA,NA,NA,NA,NA,NA,NA,NA,NA,NA,13.2593202590942,NA,24.38644565,67.31216762,2247.64603052,2116.06877744,2.66534936815488,62.69257664,11.17887416,4.61227648183452,7.35697387,26.3474119132549
"Italy","ITA","IT","Rome",12.4823,41.8955,"ECS","Europe & Central Asia",NA,NA,"HIC","High income","LNX","Not classified",35851.5080738451,1.3742250063838,NA,NA,NA,NA,NA,NA,NA,1408004310860.93,1063043254700,1408004310860.93,1.04034562057591,1063043254700,73.6563878910046,8.72395038604736,NA,19.51737133,84.98920397,3384.45359682,3275.0558989,2.16323853352287,77.0354699,14.55601166,7.25667349647713,9.41991203,20.0817954277553
"Jamaica","JAM","JM","Kingston",-76.792,17.9927,"LCN","Latin America & Caribbean ","LAC","Latin America & Caribbean (excluding high income)","UMC","Upper middle income","IBD","IBRD",4902.03473104734,-1.83446932685547,1,1,NA,430000,810000,790000,NA,8259029526.20737,7.21674e+11,8259029526.20737,-1.02535382788112,5.26653e+11,72.9008555072585,16.1029396057129,0.98185347,30.90001149,70.95352379,255.65730574,426.41210452,2.30677178973278,56.45034969,8.4728926,2.99010608026722,5.29687787,11.26275666845
"Japan","JPN","JP","Tokyo",139.77,35.67,"EAS","East Asia & Pacific",NA,NA,"HIC","High income","LNX","Not classified",42935.2527196828,4.69258109259312,NA,NA,NA,NA,NA,NA,NA,3887899165982.19,3.412794e+14,3887899165982.19,1.44889206821051,3.412794e+14,71.2818516270495,9.45757961273193,NA,14.44772203,80.62057918,4110.46410653,3232.15335908,1.71652778572407,82.07936215,19.35960855,7.86196936427593,9.57849715,16.7623525093226
"Jordan","JOR","JO","Amman",35.9263,31.9497,"MEA","Middle East & North Africa","MNA","Middle East & North Africa (excluding high income)","UMC","Upper middle income","IBD","IBRD",4054.27066775675,-1.60482374947104,0.5,0.66667,-1380000,60000,790000,1270000,750000,15228458450.7042,10812205500,15228458450.7042,4.23061063684334,5449592100,65.8590507876196,NA,4.71562675,21.79311333,73.48624931,341.27324975,861.11594911,2.49633658356745,70.34395749,19.45968616,5.92129561643255,8.4176322,26.2946763326796
"Kazakhstan","KAZ","KZ","Astana",71.4382,51.1879,"ECS","Europe & Central Asia","ECA","Europe & Central Asia (excluding high income)","UMC","Upper middle income","IBD","IBRD",9070.64997199985,5.79531586431486,1,1,NA,510000,1250000,830000,620000,73342664992.7047,10807408400000,73342664992.7047,9.57990691888119,5219857190800,52.3385726234251,NA,0.65962353,42.33849789,98.85571339,401.207775,849.49397234,1.89320392878672,57.17142041,11.42313318,2.52721801121328,4.42042194,14.9309373264512
"Kenya","KEN","KE","Nairobi",36.8126,-1.27975,"SSF","Sub-Saharan Africa ","SSA","Sub-Saharan Africa (excluding high income)","LMC","Lower middle income","IDX","IDA",991.850545143199,5.55750545440054,1,0.66667,10070000,820000,13490000,8730000,4790000,18333564717.8203,1.452627e+12,18333564717.8203,7.30183767386646,1.451693e+12,51.3761231023443,20.5559902191162,35.32730203,50.17089398,78.02990622,39.41334629,98.83523898,2.55498042068827,35.70299337,5.85072607,1.41873554931173,3.97371597,10.7167484803853
"Kiribati","KIR","KI","Tarawa",172.979,1.32905,"EAS","East Asia & Pacific","EAP","East Asia & Pacific (excluding high income)","LMC","Lower middle income","IDX","IDA",1465.50457444028,-2.5184607400591,0,1,NA,NA,NA,NA,NA,94868005.8704825,103425100,94868005.8704825,-1.11574402162269,9.6e+07,66.5113183279743,NA,17.15870725,0.09385905,0.55059223,154.1581872,169.71112661,1.79312001691949,82.9530746,10.22142857,8.72560975308051,10.51872977,7.43019188313211
"Korea, Rep.","KOR","KR","Seoul",126.957,37.5323,"EAS","East Asia & Pacific",NA,NA,"HIC","High income","LNX","Not classified",22151.2088921324,6.00465770793855,NA,NA,NA,NA,NA,NA,NA,586985288838.565,6.785908e+14,586985288838.565,4.41868187533969,6.785907e+14,59.2591492922033,NA,NA,33.92340949,78.41865344,1505.02144842,2069.90160198,2.93917405276358,56.74063759,12.43532409,3.85513332723642,6.79430738,29.2682857499023
"Kosovo","KSV","XK","Pristina",20.926,42.565,"ECS","Europe & Central Asia","ECA","Europe & Central Asia (excluding high income)","LMC","Lower middle income","IDX","IDA",3283.21193843172,2.48306565958067,NA,NA,NA,80000,1620000,850000,NA,3078675496.68874,2324400000,3078675496.68874,2.76204348060635,1904900000,63.0411240001334,NA,NA,NA,NA,NA,NA,NA,NA,NA,NA,NA,NA
"Kuwait","KWT","KW","Kuwait City",47.9824,29.3721,"MEA","Middle East & North Africa",NA,NA,"HIC","High income","LNX","Not classified",37725.141206371,-8.05468152735359,NA,NA,NA,NA,NA,NA,NA,48136078157.7111,13795800000,48136078157.7111,NA,13795800000,38.5367229902428,NA,0,13.94975857,90.54326511,1041.0251334,1992.46907837,0.425173909234511,84.59326759,5.21545319,2.33448919076549,2.7596631,46.5751232141231
"Kyrgyz Republic","KGZ","KG","Bishkek",74.6057,42.8851,"ECS","Europe & Central Asia","ECA","Europe & Central Asia (excluding high income)","LMC","Lower middle income","IDX","IDA",880.037775119109,-1.6517531177505,0,1,1110000,NA,3080000,5720000,1060000,2209730160.14603,101568700000,2209730160.14603,0.208597700311344,14469012800,51.3525921079708,15.684760093689,11.41731072,38.66208142,87.33267794,58.27948099,181.43822254,2.94719549032787,55.7301089,11.88696911,3.71014071967213,6.65733621,17.9840563590415
"Lao PDR","LAO","LA","Vientiane",102.177,18.5826,"EAS","East Asia & Pacific","EAP","East Asia & Pacific (excluding high income)","LMC","Lower middle income","IDX","IDA",1147.09538658271,6.66527609482617,1,0.66667,1400000,330000,1980000,5990000,1630000,2402817518.73684,19844317479500,2402817518.73684,5.61767044784307,11143424854800,35.4519310835263,11.892970085144,28.7085777,41.82309492,78.24653292,30.01724366,102.16939814,1.46766684211487,46.54958711,5.22265078,1.27818068788513,2.74584753,20.5617730499035
"Latvia","LVA","LV","Riga",24.1048,56.9465,"ECS","Europe & Central Asia",NA,NA,"HIC","High income","LNX","Not classified",11319.517002394,-1.75666908800044,NA,NA,NA,NA,NA,NA,NA,15236576576.5766,11500568000,15236576576.5766,-4.46598546082325,11500568000,71.749051929898,11.8090295791626,NA,35.11035532,93.53641904,739.3775279,804.87949766,2.46044766072761,60.11253319,9.07618018,3.94025814694788,6.55480303,12.2822337186522
"Lebanon","LBN","LB","Beirut",35.5134,33.8872,"MEA","Middle East & North Africa","MNA","Middle East & North Africa (excluding high income)","UMC","Upper middle income","IBD","IBRD",8763.79596416551,4.12624536160322,1,0.33333,-960000,NA,750000,2390000,640000,27559535655.058,4.1546e+13,27559535655.058,10.1032292468717,28896463563600,80.7753626006144,5.53428983688354,0.83505622,45.59845533,73.14958184,630.23401555,1146.90697821,4.48278453492297,37.66409298,9.18652058,2.70855148507703,7.19133602,23.1944560589465
"Lesotho","LSO","LS","Maseru",27.7167,-29.5208,"SSF","Sub-Saharan Africa ","SSA","Sub-Saharan Africa (excluding high income)","LMC","Lower middle income","IDX","IDA",1087.98277034468,6.80862989005541,1,0.66667,1760000,720000,1340000,2190000,1690000,1165772195.81489,8534851400,1165772195.81489,4.35099800049817,5389193100,59.721862710797,NA,19.47345133,17.71433565,69.01408451,118.26345119,237.78843002,2.79008197788161,74.33228916,13.20408163,8.07992507211839,10.87000705,10.6325657893844
"Liberia","LBR","LR","Monrovia",-10.7957,6.30039,"SSF","Sub-Saharan Africa ","SSA","Sub-Saharan Africa (excluding high income)","LIC","Low income","IDX","IDA",326.604438111264,2.44106893701495,0.5,0.33333,-10250000,330000,5350000,8740000,2500000,648933400,648933400,648933400,7.69350959168789,218492900,NA,NA,48.07031414,27.0437988,35.16602724,38.75852667,80.05559984,9.126195942683,23.09680415,12.80275475,2.740925887317,11.86712183,16.4727963550971
"Libya","LBY","LY","Tripoli",13.1072,32.8578,"MEA","Middle East & North Africa","MNA","Middle East & North Africa (excluding high income)","UMC","Upper middle income","IBD","IBRD",11933.7792588018,4.06561012713863,0,0.33333,NA,NA,NA,230000,NA,NA,NA,NA,NA,NA,NA,NA,0.74550708,30,100,394.33971109,942.53845619,0.915766992,70,4.33415097,2.136789648,3.05255664,30.0751444659697
"Liechtenstein","LIE","LI","Vaduz",9.52148,47.1411,"ECS","Europe & Central Asia",NA,NA,"HIC","High income","LNX","Not classified",140101.967275142,NA,NA,NA,NA,NA,NA,NA,NA,NA,NA,NA,NA,NA,NA,NA,NA,NA,NA,NA,NA,NA,NA,NA,NA,NA,NA
"Lithuania","LTU","LT","Vilnius",25.2799,54.6896,"ECS","Europe & Central Asia",NA,NA,"HIC","High income","LNX","Not classified",11988.757967609,3.79365256550072,NA,NA,NA,NA,NA,NA,NA,22580949258.0816,17044100500,22580949258.0816,1.17632575317536,17044100500,67.609156310694,12.8588199615479,3.15178781,26.82619997,97.77937084,828.65180488,1387.5335155,1.94526544409248,70.81405022,11.88339255,5.02095567496006,7.09033823,14.2653720783847
"Luxembourg","LUX","LU","Luxembourg",6.1296,49.61,"ECS","Europe & Central Asia",NA,NA,"HIC","High income","LNX","Not classified",103267.276511115,3.76512808347822,NA,NA,NA,NA,NA,NA,NA,41039735099.3377,3.0985e+10,41039735099.3377,6.24654960172546,3.0985e+10,86.8340666423787,NA,0.10161031,9.57549456,67.71249586,7964.45551028,6519.8471181,1.08618488341038,85.85860048,15.15210806,6.59470187658961,7.68088676,15.2124580854451
"Macedonia, FYR","MKD","MK","Skopje",21.4361,42.0024,"ECS","Europe & Central Asia","ECA","Europe & Central Asia (excluding high income)","UMC","Upper middle income","IBD","IBRD",4561.17754644919,3.18220594383507,0.5,1,-280000,NA,740000,690000,250000,5182767062.34646,2.40923e+11,5182767062.34646,4.98968370966114,213880692200,63.8712516668832,NA,0.69607299,37.1770842,100,312.22012077,797.47043657,2.54043668443895,62.8229158,13.20467891,4.29290363556105,6.83334032,17.9901641748652
"Madagascar","MDG","MG","Antananarivo",45.7167,-20.4667,"SSF","Sub-Saharan Africa ","SSA","Sub-Saharan Africa (excluding high income)","LIC","Low income","IDX","IDA",414.142787218657,-2.51381089751406,1,1,7650000,560000,12800000,3970000,3760000,4489799755.97502,9.383457e+12,4489799755.97502,1.13670482640909,277994936000,56.0053418245464,NA,16.8455638,39.92126228,86.00926841,20.14535569,66.26698187,2.25779153079549,53.58492983,18.56151688,2.60655860920451,4.86435014,6.07848709329304
"Malawi","MWI","MW","Lilongwe",33.7703,-13.9899,"SSF","Sub-Saharan Africa ","SSA","Sub-Saharan Africa (excluding high income)","LIC","Low income","IDX","IDA",471.207752434354,3.68467975188646,1,1,3750000,870000,9850000,8590000,4330000,3336446343.76327,502090800000,3336446343.76327,6.65682059813157,502090800000,51.676278054141,12.5179595947266,57.68543024,10.15529898,27.52581676,36.71748149,73.76398658,3.70610879677534,63.10627558,20.12188586,6.33925489322466,10.04536369,8.57709387314195
"Malaysia","MYS","MY","Kuala Lumpur",101.684,3.12433,"EAS","East Asia & Pacific","EAP","East Asia & Pacific (excluding high income)","UMC","Upper middle income","IBD","IBRD",9069.04175699503,5.67441085336846,0,1,NA,60000,580000,490000,390000,126007264599.05,4.05882e+11,126007264599.05,6.86040030896535,4.02682e+11,49.4113350417258,18.4062309265137,0.00029544,32.79707574,76.7979572,351.27503373,801.95280727,1.70414409434667,57.29433837,6.74730448,2.28629658565333,3.99044068,12.4584975941997
"Maldives","MDV","MV","Male",73.5109,4.1742,"SAS","South Asia","SAS","South Asia","UMC","Upper middle income","IDX","IDA",6330.79498041553,3.94158675092351,1,0.66667,1210000,NA,1100000,790000,480000,1710339890.625,21892350600,1710339890.625,7.93812286171519,15666579000,80.1431974782314,NA,0.5461857,26.60384787,79.42867399,556.10733664,888.16263539,2.65582831288361,66.50599017,14.38215107,5.27343523711639,7.92926355,15.75179
"Mali","MLI","ML","Bamako",-7.50034,13.5667,"SSF","Sub-Saharan Africa ","SSA","Sub-Saharan Africa (excluding high income)","LIC","Low income","IDX","IDA",704.064620886671,7.41361294310832,1,0.66667,1800000,6e+05,13220000,7880000,2670000,3785960179.85895,1.875099e+12,3785960179.85895,13.8353002194942,1.826081e+12,38.872395194672,16.5039405822754,24.13342916,54.64561106,97.92698374,39.46097264,95.47477221,3.54460450857703,44.19759603,12.22612866,2.80745966142297,6.35206417,33.1838809535095
"Malta","MLT","MT","Valletta",14.5189,35.9042,"MEA","Middle East & North Africa",NA,NA,"HIC","High income","LNX","Not classified",19694.0831567142,3.78895244482607,NA,NA,NA,NA,NA,NA,NA,4702369031.99348,3550500000,4702369031.99348,4.1616976773299,3086643239.9099,65.3795160755718,15.7308197021484,0,32.85496726,88.53886439,1753.89488687,2372.9357941,3.07966919378811,62.89203901,12.70990619,5.21954507621189,8.29921427,17.9846697393941
"Marshall Islands","MHL","MH","Majuro",171.135,7.11046,"EAS","East Asia & Pacific","EAP","East Asia & Pacific (excluding high income)","UMC","Upper middle income","IDX","IDA",3124.34344775456,3.89672117686604,0.5,0.66667,NA,NA,NA,NA,NA,110973444.525817,110973444.525817,110973444.525817,3.53941860121544,101827048.133057,72.3269982053924,NA,46.85259877,12.7406868,75.20107239,542.25959983,597.12403708,2.93694286604596,83.05783894,22.70480769,14.398170733954,17.3351136,7.859519
"Mauritania","MRT","MR","Nouakchott",-15.9824,18.2367,"SSF","Sub-Saharan Africa ","SSA","Sub-Saharan Africa (excluding high income)","LMC","Lower middle income","IDX","IDA",1207.82745750371,2.16345687659161,1,0.33333,2420000,130000,2450000,2450000,2670000,1492916667.90716,4.11887e+11,1492916667.90716,6.21346528560922,214861693700,36.7215466340191,16.0350208282471,10.65070904,49.30369392,91.95516098,39.60878015,106.54060157,1.75828817040183,46.38289641,6.76698594,1.52105377959817,3.27934195,65.5325274931002
"Mauritius","MUS","MU","Port Louis",57.4977,-20.1605,"SSF","Sub-Saharan Africa ","SSA","Sub-Saharan Africa (excluding high income)","UMC","Upper middle income","IBD","IBRD",7772.10005652754,3.85285560584133,1,1,-630000,NA,NA,1080000,10000,6017430906.56307,1.85243e+11,6017430906.56307,5.16624809002764,158375020185.292,69.8471411550005,14.5731496810913,2.33368046,46.66543297,91.25733514,411.58234331,809.35645916,2.70267890202997,48.86391006,10.29367418,2.58258812797003,5.28526703,9.58207584236118
"Mexico","MEX","MX","Mexico City",-99.1276,19.427,"LCN","Latin America & Caribbean ","LAC","Latin America & Caribbean (excluding high income)","UMC","Upper middle income","IBD","IBRD",8861.49371999101,3.51345978863932,0.5,1,-1500000,50000,9e+05,150000,1420000,619527457185.818,7828348949000,619527457185.818,5.6752610836453,7294514233000,61.4533836738352,19.4291095733643,0.06742567,47.49568762,92.28042519,591.71250653,974.85532,3.29114715854543,48.53113483,11.5345302,3.10329567145457,6.39444283,13.0430187586867
"Micronesia, Fed. Sts.","FSM","FM","Palikir",158.185,6.91771,"EAS","East Asia & Pacific","EAP","East Asia & Pacific (excluding high income)","LMC","Lower middle income","IDX","IDA",2838.44854708113,2.86898642672608,0,0.66667,NA,NA,NA,NA,NA,175400000,175400000,175400000,1.58293186510667,147600000,65.2797146450239,NA,74.45862328,8.60187374,97.5414874,392.41364287,452.02576051,1.21966301358222,91.18131785,18.62164741,12.6107823164178,13.83044533,4.27469159806731
"Moldova","MDA","MD","Chisinau",28.8497,47.0167,"ECS","Europe & Central Asia","ECA","Europe & Central Asia (excluding high income)","LMC","Lower middle income","IDB","Blend",1631.53583179532,7.20107428469299,0.5,1,5800000,190000,710000,2330000,530000,3373552828.37347,41728487000,3373552828.37347,5.09299495915174,6.046e+09,69.6395301856504,22.3360996246338,9.23431203,44.24870466,82.75193798,196.83055882,464.40371233,6.46031856688235,46.52849741,13.77817178,5.62147875311765,12.08179732,17.6908212756119
"Monaco","MCO","MC","Monaco",7.41891,43.7325,"ECS","Europe & Central Asia",NA,NA,"HIC","High income","LNX","Not classified",145221.191568424,NA,NA,NA,NA,NA,NA,NA,NA,NA,NA,NA,NA,NA,NA,6.36322021484375,NA,7,61.14547537,6410.43733826,5313.61855412,0.503739646545442,88.55189209,18.82163011,3.89646037345456,4.40020002,NA
"Mongolia","MNG","MN","Ulaanbaatar",106.937,47.9129,"EAS","East Asia & Pacific","EAP","East Asia & Pacific (excluding high income)","LMC","Lower middle income","IDB","Blend",2650.34688487431,4.6757689637448,1,1,1780000,NA,1410000,2450000,1820000,3223799228.54735,4374902413600,3223799228.54735,6.64883573549319,4374902413600,49.9519215104464,14.7111101150513,3.95473435,40.49680274,93.1283844,124.48513487,354.74307051,2.04245951341621,56.51508076,8.40678291,2.65447806658379,4.69693758,9.88304424875964
"Montenegro","MNE","ME","Podgorica",19.2595,42.4602,"ECS","Europe & Central Asia","ECA","Europe & Central Asia (excluding high income)","UMC","Upper middle income","IBD","IBRD",6682.28115774575,2.27615014746256,1,1,NA,40000,740000,1060000,NA,2427313907.28477,1832622000,2427313907.28477,3.96447030941583,780593833.312429,70.2565333267905,NA,0.46680471,39.53084558,100,456.62931647,916.8979996,2.72834600775608,60.46915442,9.51383246,4.17346944224392,6.90181545,14.3758602621014
"Morocco","MAR","MA","Rabat",-6.8704,33.9905,"MEA","Middle East & North Africa","MNA","Middle East & North Africa (excluding high income)","LMC","Lower middle income","IBD","IBRD",2857.6734140278,2.52084615752426,1,0.33333,-1620000,370000,1070000,1240000,1800000,47574015111.9137,4.0044e+11,47574015111.9137,3.27905057225288,385681646800,56.9363241349501,NA,2.61326432,57.16218339,88.33552092,165.63363843,277.95652767,3.7912825927767,35.28969684,6.47997839,2.0675720372233,5.85885463,16.82650007591
"Mozambique","MOZ","MZ","Maputo",32.5713,-25.9664,"SSF","Sub-Saharan Africa ","SSA","Sub-Saharan Africa (excluding high income)","LIC","Low income","IDX","IDA",417.501231533203,3.73275521872027,1,0.66667,1690000,850000,15830000,8120000,4120000,4846015332.69926,164571165300,4846015332.69926,9.30212114414081,154989697100,51.5277402632007,NA,64.84805899,7.70204915,17.54261043,22.38533897,48.28691073,2.36222057353996,56.09519358,10.37362099,3.01810282646004,5.3803234,6.95247601669669
"Myanmar","MMR","MM","Naypyidaw",95.9562,21.914,"EAS","East Asia & Pacific","EAP","East Asia & Pacific (excluding high income)","LMC","Lower middle income","IDX","IDA",NA,NA,1,1,NA,640000,18360000,10290000,5930000,NA,NA,NA,NA,NA,NA,NA,9.42432325,76.60542965,90.74725162,15.24817471,63.37888105,1.62103034204574,15.58374686,1.77391528,0.299251927954262,1.92028227,25.1966892424903
"Namibia","NAM",NA,"Windhoek",17.0931,-22.5648,"SSF","Sub-Saharan Africa ","SSA","Sub-Saharan Africa (excluding high income)","UMC","Upper middle income","IBD","IBRD",5143.13067579247,4.04351152037405,1,0.33333,-2130000,550000,8e+05,1140000,1300000,6317647571.43638,46252761400,6317647571.43638,4.25573069927083,46252718700,60.5421352679226,26.1932506561279,17.70600168,7.48411395,17.90745072,405.64109962,647.79411173,3.29886999331745,58.20670365,13.85598106,4.59442936668255,7.89329936,8.02484089485
"Nauru","NRU","NR","Yaren District",166.920867,-0.5477,"EAS","East Asia & Pacific",NA,NA,"HIC","High income","IBD","IBRD",NA,NA,NA,NA,NA,NA,NA,NA,NA,NA,NA,NA,NA,NA,NA,NA,43.88931799,2.67318759,37.5,567.49963114,618.66513684,0.648942623914136,92.87149975,10.29012434,8.45455181608586,9.10349444,NA
"Nepal","NPL","NP","Kathmandu",85.3157,27.6939,"SAS","South Asia","SAS","South Asia","LIC","Low income","IDX","IDA",595.427519830012,3.71175919665328,1,1,2950000,570000,8020000,9430000,3340000,6953378233.33691,5.18277e+11,6953378233.33691,6.133683761898,2.68947e+11,47.8373476461005,20.8135204315186,10.08865146,44.51830513,80.33438021,38.95948969,125.82630682,3.56398896653315,44.58374482,14.29194004,2.86731707346685,6.43130604,41.4830997751264
"Netherlands","NLD","NL","Amsterdam",4.89095,52.3738,"ECS","Europe & Central Asia",NA,NA,"HIC","High income","LNX","Not classified",50341.251919716,0.883876122487862,NA,NA,NA,NA,NA,NA,NA,571190728476.821,4.31249e+11,571190728476.821,1.83895996733835,4.31249e+11,75.9566152420842,11.524359703064,NA,5.27192591,39.60570807,5286.46555152,4698.8571436,1.39442604479749,86.68897448,19.03502159,9.08129607520251,10.47572212,17.3395507345735
"New Zealand","NZL","NZ","Wellington",174.776,-41.2865,"EAS","East Asia & Pacific",NA,NA,"HIC","High income","LNX","Not classified",33692.1695969513,0.249672060356104,NA,NA,NA,NA,NA,NA,NA,94344285920.1614,1.30931e+11,94344285920.1614,2.8905941972875,1.30931e+11,69.853337388029,16.6484203338623,NA,10.96560142,64.88346473,3742.56022226,3477.4801828,1.89250797808234,83.09954354,19.77959438,9.30546187264659,11.1979699,8.62490780898514
"Nicaragua","NIC","NI","Managua",-86.2734,12.1475,"LCN","Latin America & Caribbean ","LAC","Latin America & Caribbean (excluding high income)","LMC","Lower middle income","IDX","IDA",1523.48146882139,1.91209989441082,1,0.66667,3570000,1e+05,810000,2230000,1450000,4513337143.29156,96388633366.9919,4513337143.29156,5.11546727626147,73880258738.2456,56.9474308701864,22.7536697387695,10.86800233,31.55338019,90.62875644,100.22253648,259.37997873,2.29038811910077,65.18392017,19.83115178,4.28814723089923,6.57853535,7.25417206375802
"Niger","NER","NE","Niamey",2.1073,13.514,"SSF","Sub-Saharan Africa ","SSA","Sub-Saharan Africa (excluding high income)","LIC","Low income","IDX","IDA",351.006218346786,4.24654997667371,1,1,2820000,450000,22810000,9760000,3280000,2486711476.60804,1.231611e+12,2486711476.60804,1.2533225353904,838466709100,43.4846975199538,18.104040145874,15.21153535,59.73227914,90.49243555,22.32965392,51.15060785,4.19917523099682,33.99196432,10.69245786,2.16243693900318,6.36161217,37.0051299449343
"Nigeria","NGA","NG","Abuja",7.48906,9.05804,"SSF","Sub-Saharan Africa ","SSA","Sub-Saharan Africa (excluding high income)","LMC","Lower middle income","IDB","Blend",2314.96353665347,4.98682871811116,1,0.66667,2800000,1830000,54320000,15350000,6740000,184546284581.298,27736937480000,184546284581.298,12.3977058541851,27736937480000,50.7888436717805,NA,7.5676931,70.62496169,95.67174296,80.34139448,174.19214229,2.56194503342129,26.1799153,5.71574595,0.908580696578707,3.47052573,28.3932751501554
"Norway","NOR","NO","Oslo",10.7387,59.9138,"ECS","Europe & Central Asia",NA,NA,"HIC","High income","LNX","Not classified",87646.2700974708,-0.643457019754194,NA,NA,NA,NA,NA,NA,NA,225800105886.635,1.364781e+12,225800105886.635,2.20272199389797,1.364781e+12,59.1725440429267,15.30601978302,NA,14.48504568,94.95747764,8164.47401551,5474.76868541,1.41188198505666,84.6965336,17.4178788,7.83922868707644,9.2556665,7.04631880565026
"Oman","OMN","OM","Muscat",58.5874,23.6105,"MEA","Middle East & North Africa",NA,NA,"HIC","High income","LNX","Not classified",19920.6495686354,-1.66507923800474,NA,NA,NA,NA,NA,NA,140000,21483845773.7321,8260538700,21483845773.7321,NA,8260500000,36.6359998403378,NA,0,10.40728749,60.20493285,546.63827486,1259.11929448,0.474354206789742,82.7135635,6.69591197,2.26972903321026,2.74408324,30.1893386914701
"Pakistan","PAK","PK","Islamabad",72.8,30.5167,"SAS","South Asia","SAS","South Asia","LMC","Lower middle income","IDB","Blend",1043.30020503812,-0.498374634765824,1,1,14400000,720000,23760000,12680000,10810000,93740091191.4675,7.855579e+12,93740091191.4675,3.20626038999117,5.010698e+12,55.1324917551242,11.8646602630615,6.03561073,60.60552672,88.65389822,30.95275635,126.96856971,2.06186239424048,31.63805773,4.71561579,0.954234465759518,3.01609686,43.3205055098945
"Palau","PLW","PW","Koror",134.479,7.34194,"EAS","East Asia & Pacific","EAP","East Asia & Pacific (excluding high income)","UMC","Upper middle income","IBD","IBRD",8978.9936492428,2.65004265840776,0,0.66667,NA,NA,NA,NA,NA,140218498.732195,140218498.732195,140218498.732195,3.45142137977138,132667526.769716,84.4694502646265,NA,35.43704719,15.95141833,56.56234954,1024.21165194,1349.86731786,3.00132614947205,71.79852241,16.91348315,7.64111675052795,10.6424429,NA
"Panama","PAN","PA","Panama City",-79.5188,8.99427,"LCN","Latin America & Caribbean ","LAC","Latin America & Caribbean (excluding high income)","UMC","Upper middle income","IBD","IBRD",7987.06037222421,3.98226405537056,1,1,-1e+06,420000,870000,530000,770000,20794532000,20794532000,20794532000,5.46614210777301,1.7693e+10,75.17462161605,NA,1.250691,24.90527735,83.60655008,640.44037085,1195.17525037,2.39714327445296,70.21133233,15.10949674,5.65002184554704,8.04716512,5.9397321455732
"Papua New Guinea","PNG","PG","Port Moresby",147.194,-9.47357,"EAS","East Asia & Pacific","EAP","East Asia & Pacific (excluding high income)","LMC","Lower middle income","IDB","Blend",1418.92359069215,5.25718059986293,0,1,-360000,670000,1560000,3940000,2120000,NA,NA,NA,NA,NA,NA,NA,19.59613192,13.28196323,55.88967123,59.25104857,88.63928143,0.99235440699104,76.23538852,10.39330994,3.18341092300896,4.17576533,5.37387512861754
"Paraguay","PRY","PY","Asuncion",-57.6362,-25.3005,"LCN","Latin America & Caribbean ","LAC","Latin America & Caribbean (excluding high income)","UMC","Upper middle income","IBD","IBRD",3225.59175373637,11.5990901750408,1,0.66667,3950000,60000,790000,1350000,1040000,8579665644.21941,4.066314e+13,8579665644.21941,9.03256362419798,9486346846900,47.3659919964644,18.7221794128418,2.22436275,57.72362485,91.51744299,293.83275543,650.0486716,5.74079819687075,36.92609522,11.15728223,3.36090276312925,9.10170096,12.3721160688901
"Peru","PER","PE","Lima",-77.0465,-12.0931,"LCN","Latin America & Caribbean ","LAC","Latin America & Caribbean (excluding high income)","UMC","Upper middle income","IBD","IBRD",5056.2953131981,7.07698261406921,1,1,-730000,550000,1150000,830000,2220000,73217479894.369,206897954685.508,73217479894.369,8.48149485923157,183592996000,53.8168956718102,13.5555801391602,0.87350822,37.1224895,83.48492305,254.47770061,486.96081782,2.23739114817987,55.53389984,13.29359376,2.79428723182013,5.03167838,11.3148353341626
"Philippines","PHL","PH","Manila",121.035,14.5515,"EAS","East Asia & Pacific","EAP","East Asia & Pacific (excluding high income)","LMC","Lower middle income","IBD","IBRD",2145.24000707339,6.01611701706643,1,1,16190000,320000,3350000,2410000,5330000,110009220533.499,4962482935500,110009220533.499,7.16113981472692,3179358463100,55.1173873903906,NA,1.76785867,54.07833465,84.4690737,93.83228612,241.62500709,2.80028123001987,35.9785395,9.30691599,1.57369150998013,4.37397274,8.91909152746174
"Poland","POL","PL","Warsaw",21.02,52.26,"ECS","Europe & Central Asia",NA,NA,"HIC","High income","IBD","IBRD",12597.4587924553,3.99546432449314,0,1,NA,NA,NA,NA,NA,269463071667.827,8.12512e+11,269463071667.827,1.35255370821132,671608300915.172,63.7950297928204,11.1089200973511,0.16386485,22.11461352,78.25283933,867.74529206,1437.48700767,1.94558911153052,71.21524257,10.74768264,4.9028074282589,6.88449165,18.1623368249059
"Portugal","PRT","PT","Lisbon",-9.13552,38.7072,"ECS","Europe & Central Asia",NA,NA,"HIC","High income","LNX","Not classified",22539.9960076117,1.85192076299849,NA,NA,NA,NA,NA,NA,NA,157672262251.656,119042558000,157672262251.656,1.88364693516962,119042558000,75.1883237871878,10.4265604019165,NA,23.30488083,74.48979436,2352.31986028,2810.05633839,3.26523510939141,68.71399494,13.83961106,7.17149244060859,10.43672755,10.5514733294525
"Puerto Rico","PRI","PR","San Juan",-66,18.23,"LCN","Latin America & Caribbean ",NA,NA,"HIC","High income","LNX","Not classified",26435.7330836866,-2.1183606981073,NA,NA,NA,NA,NA,NA,NA,2389068000,2389068000,2389068000,NA,NA,2.42837691419062,NA,NA,NA,NA,NA,NA,NA,NA,NA,NA,NA,NA
"Qatar","QAT","QA","Doha",51.5082,25.2948,"MEA","Middle East & North Africa",NA,NA,"HIC","High income","LNX","Not classified",70870.2265835221,7.78139719169133,NA,NA,NA,NA,NA,NA,NA,39757745906.5934,144718195100,39757745906.5934,5.91394235939349,1.57583e+11,31.7751063480261,13.1787204742432,0,16.01091176,71.00977199,1483.08538168,2582.98130987,0.471845776973272,77.45252334,5.13369728,1.62083086302673,2.09267664,40.1589529103398
"Romania","ROU","RO","Bucharest",26.0979,44.4479,"ECS","Europe & Central Asia","ECA","Europe & Central Asia (excluding high income)","UMC","Upper middle income","IBD","IBRD",8297.48362072379,-0.207495588973927,1,1,NA,NA,NA,NA,NA,93726958054.0609,297854900000,93726958054.0609,-4.80577168708621,1.90346e+11,62.4396315021783,9.12913036346436,0.08028156,19.21169927,98.15586546,482.9457049,964.16290814,1.1416399634336,80.34867889,11.84811659,4.68660530992765,5.83283431,18.0574157535995
"Russian Federation","RUS","RU","Moscow",37.6176,55.7558,"ECS","Europe & Central Asia","ECA","Europe & Central Asia (excluding high income)","UMC","Upper middle income","IBD","IBRD",10674.9972024184,4.45682715759112,1,1,NA,NA,NA,NA,NA,810039395717.188,24599195365200,810039395717.188,3.99578280818736,30990592255100,61.4364329010864,NA,NA,43.30368319,94.38636225,727.3728625,1397.17724837,3.13396554426016,54.12082619,9.71810679,3.69694548573984,6.83091103,14.2970806437838
"Rwanda","RWA","RW","Kigali",30.0587,-1.95325,"SSF","Sub-Saharan Africa ","SSA","Sub-Saharan Africa (excluding high income)","LIC","Low income","IDX","IDA",553.597457610684,4.50753181743657,1,0.66667,10340000,820000,11550000,7930000,2690000,3109078939.22274,1.813e+12,3109078939.22274,9.15678524374177,1.657e+12,54.5591333132711,17.3757591247559,64.1347166,28.08543181,44.59220097,43.78889493,102.96267088,4.9818667867391,37.01716622,11.32028975,2.9280135532609,7.90988034,15.7882337372044
"Samoa","WSM","WS","Apia",-171.752,-13.8314,"EAS","East Asia & Pacific","EAP","East Asia & Pacific (excluding high income)","LMC","Lower middle income","IDX","IDA",3530.57399435316,-0.238669163081681,0,0.66667,-70000,NA,NA,740000,NA,419013160.54252,1041122000,419013160.54252,0.169432256360608,1021782000,NA,NA,13.35156818,7.89630811,62.60348155,201.41500915,302.10628406,0.719555870996381,87.38679078,12.59366461,4.98522439900362,5.70478027,7.44290611760543
"San Marino","SMR","SM","San Marino",12.4486,43.9322,"ECS","Europe & Central Asia",NA,NA,"HIC","High income","LNX","Not classified",NA,NA,NA,NA,NA,NA,NA,NA,NA,NA,NA,NA,NA,NA,NA,10.7812900543213,0,6.68640481,90.80018926,3500.6326814,3300.65903947,0.369436888980728,92.6361334,14.59308945,4.64745042101927,5.01688731,NA
"Sao Tome and Principe","STP","ST","Sao Tome",6.6071,0.20618,"SSF","Sub-Saharan Africa ","SSA","Sub-Saharan Africa (excluding high income)","LMC","Lower middle income","IDX","IDA",1142.18231129529,2.22755493660614,1,1,1340000,NA,7e+05,1340000,580000,123100813.322038,2277192865350.1,123100813.322038,6.55396727510806,692733225984.94,63.0716593370605,19.323600769043,27.47372026,29.61531347,57.40037057,66.49702819,158.4605137,2.70447015233144,48.40571032,5.57832912,2.53733115766857,5.24180131,7.54876948993274
"Saudi Arabia","SAU","SA","Riyadh",46.6977,24.6748,"MEA","Middle East & North Africa",NA,NA,"HIC","High income","LNX","Not classified",18753.9812332079,2.22156373905466,NA,NA,NA,NA,NA,NA,NA,205871733333.333,7.72019e+11,205871733333.333,9.02747977382319,7.72019e+11,39.078825416607,NA,0,19.83698433,56.43570339,655.07056676,1514.26261089,1.22776808089524,64.8502931,6.21944135,2.26520010910477,3.49296819,53.8710987220682
"Senegal","SEN","SN","Dakar",-17.4734,14.7247,"SSF","Sub-Saharan Africa ","SSA","Sub-Saharan Africa (excluding high income)","LIC","Low income","IDX","IDA",998.119695502128,1.16282454602367,1,1,3290000,220000,6110000,4580000,2080000,6680853219.91532,3308872940200,6680853219.91532,4.28066100060443,2664776266600,58.9350963479362,20.7231407165527,22.25444777,37.73448033,77.4052102,46.12801624,98.73971716,2.25294369727923,51.25072301,8.77232959,2.36854781272077,4.62149151,38.8825584118974
"Serbia","SRB","RS","Belgrade",20.4656,44.8024,"ECS","Europe & Central Asia","ECA","Europe & Central Asia (excluding high income)","UMC","Upper middle income","IBD","IBRD",5411.87740391911,0.989647481981649,1,1,NA,40000,910000,1080000,690000,20192813741.0924,1569565200000,20192813741.0924,0.228277261469813,1569565200000,61.374329812925,10.5135803222656,0.78042952,36.43167795,95.54708674,541.02493309,1193.02882271,3.84681818300723,61.87044609,14.30826211,6.24199164699277,10.08880983,17.6343649526211
"Seychelles","SYC","SC","Victoria",55.4466,-4.6309,"SSF","Sub-Saharan Africa ",NA,NA,"HIC","High income","IBD","IBRD",10804.6844747547,3.03727652439191,0,0,NA,NA,NA,NA,110000,649202364.971246,7834444300,649202364.971246,6.01273232508781,4371406500,66.9324587782999,NA,6.41798542,4.0872441,38.14048198,374.52210328,691.55598399,0.385143789124814,89.28371147,8.93458873,3.20885975087519,3.59400354,6.47385081600109
"Sierra Leone","SLE","SL","Freetown",-13.2134,8.4821,"SSF","Sub-Saharan Africa ","SSA","Sub-Saharan Africa (excluding high income)","LIC","Low income","IDX","IDA",453.022040727552,3.01722649222647,1,0.66667,3410000,7e+05,10190000,5780000,2590000,909173566.443674,3.616772e+12,909173566.443674,6.68375854630416,2.44012e+12,36.7393986244168,12.8019304275513,13.31343434,65.88270389,85.81495158,46.0607999,135.64290264,7.92268551605819,23.22701035,11.8538553,2.39694063394181,10.31962615,19.954218134994
"Singapore","SGP","SG","Singapore",103.85,1.28941,"EAS","East Asia & Pacific",NA,NA,"HIC","High income","LNX","Not classified",46569.6795060716,13.2164930144593,NA,NA,NA,NA,NA,NA,NA,161494462779.611,220197700000,161494462779.611,12.8191452297805,220197700000,72.3316186421748,16.5565891265869,0,61.1295849,93.56313775,1841.59139798,2791.80005088,2.58481895255792,34.66488366,9.75111551,1.37142861744208,3.95624757,12.4882164298132
"Slovak Republic","SVK","SK","Bratislava",17.1073,48.1484,"ECS","Europe & Central Asia",NA,NA,"HIC","High income","LNX","Not classified",16554.8787976196,4.9839701660146,0,1,NA,NA,NA,NA,NA,50413509933.7748,38062200000,50413509933.7748,2.44984038877114,38062200000,61.9842947454817,9.85752964019775,NA,21.66366472,67.98036477,1377.72643292,2038.95335142,2.71148610759971,68.13246767,14.55261805,5.79713037240029,8.50861648,16.3124513217555
"Slovenia","SVN","SI","Ljubljana",14.5044,46.0546,"ECS","Europe & Central Asia",NA,NA,"HIC","High income","LNX","Not classified",23438.8471646302,0.797155250222659,NA,NA,NA,NA,NA,NA,NA,28199602649.0066,21290700000,28199602649.0066,1.8352704835701,21290700000,67.4125391432651,12.080189704895,NA,12.23411459,47.41349762,2083.05918364,2452.00748526,2.33997226969869,74.19697934,13.60230387,6.72862594030131,9.06859821,15.8860829062343
"Solomon Islands","SLB","SB","Honiara",159.949,-9.42676,"EAS","East Asia & Pacific","EAP","East Asia & Pacific (excluding high income)","LMC","Lower middle income","IDX","IDA",1276.34851310464,4.57755680455681,0,0.33333,-1e+05,NA,NA,890000,NA,NA,NA,NA,NA,NA,NA,17.4784908294678,36.18669883,3.37820104,56.69931928,95.31561038,130.84544078,0.444940998989699,94.04190194,20.31946151,7.0228951210103,7.46783612,4.63982674853832
"Somalia","SOM","SO","Mogadishu",45.3254,2.07515,"SSF","Sub-Saharan Africa ","SSA","Sub-Saharan Africa (excluding high income)","LIC","Low income","IDX","IDA",NA,NA,1,1,NA,90000,11120000,8880000,1820000,NA,NA,NA,NA,NA,NA,NA,NA,NA,NA,NA,NA,NA,NA,NA,NA,NA,9.04414452147619
"South Africa","ZAF","ZA","Pretoria",28.1871,-25.746,"SSF","Sub-Saharan Africa ","SSA","Sub-Saharan Africa (excluding high income)","UMC","Upper middle income","IBD","IBRD",7392.86875227427,1.51580392360874,1,0.66667,NA,1490000,1160000,660000,1670000,229035369816.423,1676813749500,229035369816.423,2.26765593602032,1676813754600,67.2107260679411,18.0443706512451,2.47630459,7.34803911,13.84302851,618.350112,990.90969331,4.5141062153368,46.91884722,14.1063907,3.9900538846632,8.5041601,14.3079387349881
"South Sudan","SSD","SS","Juba",31.6,4.85,"SSF","Sub-Saharan Africa ","SSA","Sub-Saharan Africa (excluding high income)","LIC","Low income","IDX","IDA",1563.90419536662,0.948067072533092,NA,NA,NA,NA,NA,NA,NA,NA,NA,NA,NA,NA,NA,NA,NA,NA,NA,NA,NA,NA,NA,NA,NA,NA,15.3499500547226
"Spain","ESP","ES","Madrid",-3.70327,40.4167,"ECS","Europe & Central Asia",NA,NA,"HIC","High income","LNX","Not classified",30737.8322708385,-0.445626835636119,NA,NA,NA,NA,NA,NA,NA,936630463576.159,7.07156e+11,936630463576.159,1.21922941494736,7.07156e+11,71.4361767145194,10.5639801025391,NA,20.23728999,81.16784842,2846.71003853,2996.24343748,2.38249877548676,75.06735686,15.49018176,7.17324211451324,9.55574089,12.7722452871495
"Sri Lanka","LKA","LK","Colombo",79.8528,6.92148,"SAS","South Asia","SAS","South Asia","LMC","Lower middle income","IDB","Blend",2819.65130924227,7.20522226215527,1,0.33333,7700000,3e+05,740000,3370000,2950000,30994016689.5887,3.504323e+12,30994016689.5887,8.02553083836648,3.504323e+12,60.8589314406746,8.60562992095947,2.38858683,44.82525138,81.89727224,84.22088476,260.35071632,1.87876599250652,45.26649039,6.80178475,1.55380393749348,3.43256993,16.104214895454
"St. Kitts and Nevis","KNA","KN","Basseterre",-62.7309,17.3,"LCN","Latin America & Caribbean ",NA,NA,"HIC","High income","IBD","IBRD",13226.952311419,-4.40081227079271,0,1,NA,NA,NA,NA,NA,434931518.518519,1174315100,434931518.518519,-1.52704855922525,1097342000,71.6748118430682,NA,1.5559726,49.10066048,90.98936745,727.47988047,1103.53962857,2.96795898843085,46.03692514,6.77247124,2.53202224156915,5.49998123,NA
"St. Lucia","LCA","LC","Castries",-60.9832,14,"LCN","Latin America & Caribbean ","LAC","Latin America & Caribbean (excluding high income)","UMC","Upper middle income","IDB","Blend",7043.50693641944,-2.93618964648046,0,1,-110000,NA,NA,110000,NA,876545037.037037,2366671600,876545037.037037,2.16240295529111,1968404700,81.256875991153,14.2020797729492,4.04415532,49.4808102,98.62019551,567.87770026,834.1127365,4.06207409533875,49.8268991,13.12364704,4.03404518466125,8.09611928,15.5374335586069
"St. Vincent and the Grenadines","VCT","VC","Kingstown",-61.2653,13.2035,"LCN","Latin America & Caribbean ","LAC","Latin America & Caribbean (excluding high income)","UMC","Upper middle income","IDB","Blend",6231.71322553846,-3.41904042475471,0,1,-140000,NA,NA,150000,NA,422785629.62963,1141521200,422785629.62963,-0.301990899810463,1052109800,73.3404532966195,15.4856300354004,6.35019599,18.04783429,100,293.44590672,458.26722597,0.849676208617744,81.95216571,11.73417094,3.85823608138226,4.70791229,14.4151479868771
"Sudan","SDN","SD","Khartoum",32.5363,15.5932,"SSF","Sub-Saharan Africa ","SSA","Sub-Saharan Africa (excluding high income)","LMC","Lower middle income","IDX","IDA",1421.53294242954,0.666118061643857,0.5,0.33333,7730000,930000,22800000,8730000,6940000,29191221292.281,67314956300,29191221292.281,5.08269206823357,12394536000,46.9621064947994,NA,2.70945088,63.35302039,95.81340633,118.97410975,265.75222839,5.26660885675837,33.87875161,11.64949118,2.69846891324163,7.96507777,25.1414826324237
"Suriname","SUR","SR","Paramaribo",-55.1679,5.8232,"LCN","Latin America & Caribbean ","LAC","Latin America & Caribbean (excluding high income)","UMC","Upper middle income","IBD","IBRD",8430.90596506227,4.01687982520147,0.5,1,NA,NA,NA,490000,NA,2090041524.00379,5.738e+09,2090041524.00379,4.31852221667499,4.179e+09,51.5173280660801,NA,9.26569698,13.44394901,27.14793009,489.42073508,825.45817544,2.8747553218766,50.47891692,11.89178476,2.9303586681234,5.80511399,9.13448538213133
"Swaziland","SWZ","SZ","Mbabane",31.4659,-26.5225,"SSF","Sub-Saharan Africa ","SSA","Sub-Saharan Africa (excluding high income)","LMC","Lower middle income","IBD","IBRD",2956.69679468117,0.00887343153748077,1,1,-1110000,680000,1050000,1210000,1250000,1182838878.87232,8659800000,1182838878.87232,4.80360599281924,15870378300,42.1982584288826,18.2830295562744,14.25856637,12.67538836,42.86361186,250.43437663,486.44730861,2.50468756633571,70.42855745,15.42251253,5.96526638366429,8.46995395,10.3015246577955
"Sweden","SWE","SE","Stockholm",18.0645,59.3327,"ECS","Europe & Central Asia",NA,NA,"HIC","High income","LNX","Not classified",52076.4305245885,5.08918555076762,NA,NA,NA,NA,NA,NA,NA,298184946236.559,2.149168e+12,298184946236.559,3.02907695272539,2.149168e+12,69.4447792368263,13.3455600738525,0,16.01370786,86.62318989,4694.46341116,3761.53364216,1.75045565085709,81.51337086,14.74868645,7.71831032914291,9.46876598,7.94879464739158
"Switzerland","CHE","CH","Bern",7.44821,46.948,"ECS","Europe & Central Asia",NA,NA,"HIC","High income","LNX","Not classified",74277.1205125567,1.88705809359988,NA,NA,NA,NA,NA,NA,NA,408718549429.476,426252575200,408718549429.476,1.80490984972468,426252575200,73.0139370966908,15.9490003585815,0,26.37593516,75.57353267,7807.62313333,5394.70079141,3.86373323274828,64.10949271,20.9643622,7.09727006022569,11.07054472,15.9124189519289
"Syrian Arab Republic","SYR","SY","Damascus",36.3119,33.5146,"MEA","Middle East & North Africa","MNA","Middle East & North Africa (excluding high income)","LMC","Lower middle income","IBD","IBRD",NA,NA,1,0.66667,5060000,NA,820000,1620000,1880000,NA,NA,NA,NA,NA,NA,NA,1.87378669,54,100,95.14002508,171.90409515,1.7692815852,46,5.26284769,1.5071657948,3.27644738,25.1794111144225
"Tajikistan","TJK","TJ","Dushanbe",68.7864,38.5878,"ECS","Europe & Central Asia","ECA","Europe & Central Asia (excluding high income)","LMC","Lower middle income","IDX","IDA",744.189892165383,4.15786159430075,1,1,540000,160000,2440000,5590000,1240000,2489468596.09173,10901300000,2489468596.09173,10.7028670044999,1813736400,49.7199594990285,15.3314504623413,8.23844608,66.84527796,90.80982712,44.95927823,125.69286716,4.44811410129584,26.38981916,5.86955874,1.59468330870416,6.04279741,19.7144036669923
"Tanzania","TZA","TZ","Dodoma",35.7382,-6.17486,"SSF","Sub-Saharan Africa ","SSA","Sub-Saharan Africa (excluding high income)","LIC","Low income","IDX","IDA",708.521932325363,3.04085772803644,1,0.66667,13250000,720000,20980000,10230000,4590000,13620879953.6433,19010662151300,13620879953.6433,7.76577695703855,14618658307600,46.3438309908235,19.6480197906494,39.59580689,31.90858866,52.42563038,36.09241915,106.3943613,3.22381897475263,39.13551744,10.93208947,2.07289733524737,5.29671631,8.27919244279066
"Thailand","THA","TH","Bangkok",100.521,13.7308,"EAS","East Asia & Pacific","EAP","East Asia & Pacific (excluding high income)","UMC","Upper middle income","IBD","IBRD",5111.90920222917,7.27486338509982,1,0.66667,NA,710000,1110000,1890000,1780000,168536311332.873,5.340191e+12,168536311332.873,6.93913501528209,4.364801e+12,49.4352182042475,16.2226390838623,0.21606301,9.99292682,55.8567541,258.66174884,676.58128978,0.967738171232045,82.10972517,19.4833237,4.44155922876796,5.4092974,20.373465186674
"Timor-Leste","TLS","TL","Dili",125.567,-8.56667,"EAS","East Asia & Pacific","EAP","East Asia & Pacific (excluding high income)","LMC","Lower middle income","IDB","Blend",875.836569271265,7.51734855002435,1,1,NA,NA,1240000,2150000,3030000,5.83e+08,5.83e+08,5.83e+08,11.0056925996205,5.85e+08,62.0212765957447,12.8881597518921,57.9825213,11.31767783,99.38487166,36.77648669,73.11237918,0.105035188241282,88.61227303,4.54365603,0.817319101758718,0.92235429,6.24726499056875
"Togo","TGO","TG","Lome",1.2255,6.1228,"SSF","Sub-Saharan Africa ","SSA","Sub-Saharan Africa (excluding high income)","LIC","Low income","IDX","IDA",496.482494202806,1.21160186404568,0.5,1,-710000,430000,3530000,5840000,1450000,1660534731.06968,822424660000,1660534731.06968,4.9293436376288,427103609700,52.3341688477219,19.6157608032227,13.39511998,47.72456312,74.70446139,26.64986683,64.66000467,3.429150392741,36.1155114,8.59712873,1.938585137259,5.36773553,23.6886609147736
"Tonga","TON","TO","Nuku'alofa",-175.216,-21.136,"EAS","East Asia & Pacific","EAP","East Asia & Pacific (excluding high income)","LMC","Lower middle income","IDX","IDA",3557.73718366504,3.63357376156416,0,1,-140000,NA,NA,NA,NA,197117733.473242,375706400,197117733.473242,2.77156425536393,390619300,60.5469958033605,NA,9.11007501,13.27309463,67.81697886,163.44362031,222.9020415,0.899135399245147,80.42806558,13.02621743,3.69486834075485,4.59400374,7.44290611760543
"Trinidad and Tobago","TTO","TT","Port-of-Spain",-61.4789,10.6596,"LCN","Latin America & Caribbean ",NA,NA,"HIC","High income","IBD","IBRD",15840.4426914159,-0.579648684071685,0.5,1,NA,140000,NA,160000,NA,8052121402.24296,51336300000,8052121402.24296,1.80144400052164,34347400000,40.0773656640097,NA,1.00948612,34.8561137,81.26497318,818.94310157,1518.35837062,2.26697139309423,57.1080721,8.33387928,3.01833869690577,5.28531009,9.92679139481594
"Tunisia","TUN","TN","Tunis",10.21,36.7899,"MEA","Middle East & North Africa","MNA","Middle East & North Africa (excluding high income)","LMC","Lower middle income","IBD","IBRD",4176.59159013024,2.45558968280957,1,0.66667,-410000,0,760000,920000,5e+05,24393670532.346,34917100000,24393670532.346,5.00889694704047,34917052900,60.2638228248338,26.0756206512451,0.29589626,35.8909002,86.52243136,270.93524251,656.10649641,2.71439317721402,58.51838692,15.66129597,3.82921247278598,6.54360565,17.5424292522716
"Turkey","TUR","TR","Ankara",32.3606,39.7153,"ECS","Europe & Central Asia","ECA","Europe & Central Asia (excluding high income)","UMC","Upper middle income","IBD","IBRD",10111.5177049589,7.57326088245168,1,0.66667,3530000,130000,970000,1010000,1140000,418569098349.747,629025641000,418569098349.747,7.63699762554018,60838939000,64.1504824078726,NA,0.07295956,16.31375855,76.2503789,565.87161546,904.09447184,1.20094717064403,78.60501313,10.96435967,4.41227043935597,5.61321761,18.2047071695757
"Turkmenistan","TKM","TM","Ashgabat",58.3794,37.9509,"ECS","Europe & Central Asia","ECA","Europe & Central Asia (excluding high income)","UMC","Upper middle income","IBD","IBRD",4479.01235418457,7.83478205363662,0.5,1,NA,NA,860000,810000,690000,8081482596.49123,23032225400,8081482596.49123,NA,NA,37.0110088033339,NA,0.87692396,38.42521362,100,87.29381562,195.32007296,0.763600646448926,61.57478638,8.6813085,1.22363787355107,1.98723852,41.7833440609103
"Uganda","UGA","UG","Kampala",32.5729,0.314269,"SSF","Sub-Saharan Africa ","SSA","Sub-Saharan Africa (excluding high income)","LIC","Low income","IDX","IDA",608.813023856722,1.73664696575958,1,0.66667,15840000,1020000,20180000,4900000,6780000,9789262824.05481,19861252202800,9789262824.05481,5.94003327757729,19861252202840.1,52.2432336687205,9.38317966461182,50.86029834,32.51570369,45.34015878,65.3348763,175.31182892,7.90642703806225,28.28498054,19.52791448,3.11835842193775,11.02478546,15.6863047473218
"Ukraine","UKR","UA","Kiev",30.5038,50.4536,"ECS","Europe & Central Asia","ECA","Europe & Central Asia (excluding high income)","LMC","Lower middle income","IBD","IBRD",2973.99648071562,4.61479464489672,1,1,NA,710000,1110000,1970000,650000,72634709410.7566,5.764e+11,72634709410.7566,3.15199966945252,153031243700,60.3897886357398,NA,0.2626537,40.50427734,93.39041495,233.45175699,602.98750955,3.38619871406365,56.62908516,12.66769531,4.42133480593635,7.80753352,15.9415222063334
"United Arab Emirates","ARE","AE","Abu Dhabi",54.3705,24.4764,"MEA","Middle East & North Africa",NA,NA,"HIC","High income","LNX","Not classified",34341.9112921486,-5.97892481474418,NA,NA,NA,NA,NA,NA,NA,126582215547.992,464873186600,126582215547.992,0.695579817619475,422897355900,NA,NA,0,17.94558652,64.38163372,1349.44865722,2232.36489131,1.09528624393493,72.12623309,8.67995176,2.83416558606507,3.92945183,40.9085171710902
"United Kingdom","GBR","GB","London",-0.126236,51.5002,"ECS","Europe & Central Asia",NA,NA,"HIC","High income","LNX","Not classified",38292.8711313583,0.747326325510357,NA,NA,NA,NA,NA,NA,NA,1695021631644,1.097018e+12,1695021631644,0.994402911876918,1.097018e+12,78.4849013839444,12.9603700637817,NA,9.613628,58.38748258,3491.21979734,3268.85758906,1.56535339952962,83.53477907,15.92630848,7.94167603047038,9.50702943,11.392046080538
"United States","USA","US","Washington D.C.",-77.032,38.8895,"NAC","North America",NA,NA,"HIC","High income","LNX","Not classified",48374.0867933094,1.67833529550609,NA,NA,NA,NA,NA,NA,NA,1.1380637e+13,1.1380637e+13,1.1380637e+13,2.05754376680672,1.1380637e+13,78.4352059804806,13.1685199737549,NA,11.7607211,22.3934133,8269.36518147,8269.36518147,8.93697376495718,47.48133775,18.97000904,8.07978443504282,17.0167582,11.7942183031373
"Uruguay","URY","UY","Montevideo",-56.0675,-34.8941,"LCN","Latin America & Caribbean ",NA,NA,"HIC","High income","IBD","IBRD",11938.2750549849,7.43112779158565,1,1,190000,120000,8e+05,990000,810000,22431052550.1312,449948969313.592,22431052550.1312,7.33760738324139,310311747805.551,63.6996929763673,NA,0.08402953,17.70545828,46.92112579,1030.06232208,1444.10049021,3.25583423996763,62.26548707,19.53142193,5.37243200003238,8.62826624,6.57695720713513
"Uzbekistan","UZB","UZ","Tashkent",69.269,41.3052,"ECS","Europe & Central Asia","ECA","Europe & Central Asia (excluding high income)","LMC","Lower middle income","IDB","Blend",1377.08214046938,5.48003319048821,1,0.66667,NA,380000,3760000,6890000,1090000,17259670000.4709,2.73767e+13,17259670000.4709,10.397931827198,828884506482,47.9895595226409,NA,1.73808889,45.62872233,94.049976,75.74480851,225.62657299,2.59264428449364,51.4845997,8.66744092,2.75131715550636,5.34396144,24.9226941185193
"Vanuatu","VUT","VU","Port-Vila",168.321,-17.7404,"EAS","East Asia & Pacific","EAP","East Asia & Pacific (excluding high income)","LMC","Lower middle income","IDX","IDA",2965.75223011673,-0.743707298927959,0,0.66667,NA,NA,NA,NA,NA,397561343.077504,3.8526e+10,397561343.077504,2.81337821562026,3.3292e+10,63.1936356926105,NA,26.7556385,6.3615049,56.70046688,139.71942865,136.0941237,0.528569011101735,88.78050703,15.91106811,4.18259763889827,4.71116665,7.42370144086198
"Venezuela, RB","VEN","VE","Caracas",-69.8371,9.08165,"LCN","Latin America & Caribbean ","LAC","Latin America & Caribbean (excluding high income)","UMC","Upper middle income","IBD","IBRD",13581.3533771018,-2.97393994312488,0.5,1,-360000,330000,1180000,6e+05,1250000,153708046938.538,396889548000,153708046938.538,-0.130054879998269,26860666800,42.0530577281001,NA,0.01562056,52.63920529,89.92121573,684.05784328,817.36723536,2.94842619165064,41.46074999,9.10698728,2.08823927834936,5.03666547,12.261439821648
"Vietnam","VNM","VN","Hanoi",105.825,21.0069,"EAS","East Asia & Pacific","EAP","East Asia & Pacific (excluding high income)","LMC","Lower middle income","IDB","Blend",1333.58352635481,5.31227179285622,1,1,15390000,7e+05,3670000,7490000,3990000,42828053994.754,7.97155e+14,42828053994.754,-7.65118164967564,7.97155e+14,36.9424717818102,20.9394302368164,3.01850364,44.83671763,83.88513135,83.45891629,275.0817577,3.39988266050461,46.54986299,9.86436343,2.96096662949539,6.36084929,25.1368908420819
"West Bank and Gaza","PSE","PS",NA,NA,NA,"MEA","Middle East & North Africa","MNA","Middle East & North Africa (excluding high income)","LMC","Lower middle income","LNX","Not classified",2338.71987682303,-0.586340855267878,1,1,330000,NA,4270000,4170000,2020000,5191700000,19365041000,5191700000,4.1444746360297,12566743000,69.2910338200358,NA,NA,NA,NA,NA,NA,NA,NA,NA,NA,NA,26.3942218406952
"Yemen, Rep.","YEM","YE","Sana'a",44.2075,15.352,"MEA","Middle East & North Africa","MNA","Middle East & North Africa (excluding high income)","LMC","Lower middle income","IDX","IDA",1310.05383929542,0.524553261686663,0,1,9270000,250000,7160000,7640000,2250000,NA,NA,NA,NA,NA,NA,NA,2.63499947,73.84344507,98.61732423,67.74874258,221.66911698,3.87231649470447,25.12122424,4.30125998,1.29913089529553,5.17144739,33.3093541181107
"Zambia","ZMB","ZM","Lusaka",28.2937,-15.3982,"SSF","Sub-Saharan Africa ","SSA","Sub-Saharan Africa (excluding high income)","LMC","Lower middle income","IDX","IDA",1456.12652618031,7.0521314348311,1,0.66667,1710000,950000,8990000,6040000,3680000,10344940237.4779,49625712813.205,10344940237.4779,11.5427272118011,49625912700,54.0371671784143,NA,49.64839527,32.26956233,66.85440057,64.17510388,141.51183106,2.12732513958656,51.73158078,12.60437702,2.27995642041344,4.40728156,10.7927978522274
"Zimbabwe","ZWE","ZW","Harare",31.0672,-17.8312,"SSF","Sub-Saharan Africa ","SSA","Sub-Saharan Africa (excluding high income)","LIC","Low income","IDB","Blend",674.268695411166,9.3602365267553,1,0.66667,NA,9e+05,5720000,9700000,4540000,4348438900,4348438900,4348438900,10.6256372168678,4213454400,54.6432849182126,8.72091007232666,NA,39.35047932,57.31845863,36.36279411,73.12211924,3.68880527231522,31.3476317,7.47123368,1.68436008768478,5.37316536,8.43570533284005
